level,model,p,p_eff,depth,n,k,d,q_L,P_group,P_fallback,P_full,C_QEC,eta,proxy_label
Level 2 code-family proxy,rep3_toy_proxy,0.001,0.001,0,3,1,3,2.9980000000000003e-06,0.82,0.45,0.81999889074,3.0,0.14137911909310344,toy/proxy
Level 2 code-family proxy,stab_5_1_3_proxy,0.001,0.001,0,5,1,3,9.980014995969455e-06,0.82,0.45,0.8199963073944514,5.0,0.10512773171723735,toy/proxy
Level 2 code-family proxy,stab_7_1_3_proxy,0.001,0.001,0,7,1,3,2.0930104915994896e-05,0.82,0.45,0.819992255861181,7.0,0.08367267916950825,toy/proxy
Level 2 code-family proxy,stab_11_1_5_proxy,0.001,0.001,0,11,1,5,1.6401276747846083e-07,0.82,0.45,0.819999939315276,11.0,0.059420285457628695,toy/proxy
Level 3 depth-sensitive proxy,stab_7_1_3_depth_proxy,0.001,0.009955119790251765,10,7,1,3,0.0020131539692981315,0.82,0.45,0.8192551330313596,7.0,0.08359746255422036,toy/proxy
Level 3 depth-sensitive proxy,stab_7_1_3_depth_proxy,0.001,0.029569032736914247,30,7,1,3,0.016629561610447263,0.82,0.45,0.8138470622041345,7.0,0.08304561859225862,toy/proxy
Level 3 depth-sensitive proxy,stab_7_1_3_depth_proxy,0.001,0.0582637377768318,60,7,1,3,0.05859787154529228,0.82,0.45,0.7983187875282418,7.0,0.08146110076818794,toy/proxy
Level 2 code-family proxy,rep3_toy_proxy,0.004051282051282051,0.004051282051282051,0,3,1,3,4.910567231409835e-05,0.82,0.45,0.8199818309012438,3.0,0.14137617774159375,toy/proxy
Level 2 code-family proxy,stab_5_1_3_proxy,0.004051282051282051,0.004051282051282051,0,5,1,3,0.0001628030343372444,0.82,0.45,0.8199397628772951,5.0,0.10512048242016604,toy/proxy
Level 2 code-family proxy,stab_7_1_3_proxy,0.004051282051282051,0.004051282051282051,0,7,1,3,0.00034004427891320965,0.82,0.45,0.8198741836168021,7.0,0.08366063098130633,toy/proxy
Level 2 code-family proxy,stab_11_1_5_proxy,0.004051282051282051,0.004051282051282051,0,11,1,5,1.0707699064527176e-05,0.82,0.45,0.819996038151346,11.0,0.059420002764590286,toy/proxy
Level 3 depth-sensitive proxy,stab_7_1_3_depth_proxy,0.004051282051282051,0.03978216352264219,10,7,1,3,0.02908258649020723,0.82,0.45,0.8092394429986233,7.0,0.08257545336720645,toy/proxy
Level 3 depth-sensitive proxy,stab_7_1_3_depth_proxy,0.004051282051282051,0.11466158903319923,30,7,1,3,0.18713121880006955,0.82,0.45,0.7507614490439742,7.0,0.07660831112693614,toy/proxy
Level 3 depth-sensitive proxy,stab_7_1_3_depth_proxy,0.004051282051282051,0.21617589806678006,60,7,1,3,0.46729944580966554,0.82,0.45,0.6470992050504237,7.0,0.06603053112759426,toy/proxy
Level 2 code-family proxy,rep3_toy_proxy,0.007102564102564103,0.007102564102564103,0,3,1,3,0.0001506226526745225,0.82,0.45,0.8199442696185104,3.0,0.14136970165836388,toy/proxy
Level 2 code-family proxy,stab_5_1_3_proxy,0.007102564102564103,0.007102564102564103,0,5,1,3,0.0004973362904397982,0.82,0.45,0.8198159855725372,5.0,0.10510461353494067,toy/proxy
Level 2 code-family proxy,stab_7_1_3_proxy,0.007102564102564103,0.007102564102564103,0,7,1,3,0.0010345595243004269,0.82,0.45,0.8196172129760089,7.0,0.08363440948734784,toy/proxy
Level 2 code-family proxy,stab_11_1_5_proxy,0.007102564102564103,0.007102564102564103,0,11,1,5,5.6649442467859856e-05,0.82,0.45,0.8199790397062868,11.0,0.059418770993209184,toy/proxy
Level 3 depth-sensitive proxy,stab_7_1_3_depth_proxy,0.007102564102564103,0.06879801824877918,10,7,1,3,0.0788287386249461,0.82,0.45,0.7908333667087699,7.0,0.08069728231722141,toy/proxy
Level 3 depth-sensitive proxy,stab_7_1_3_depth_proxy,0.007102564102564103,0.1925201853327685,30,7,1,3,0.40260479916028624,0.82,0.45,0.6710362243106941,7.0,0.06847308411333612,toy/proxy
Level 3 depth-sensitive proxy,stab_7_1_3_depth_proxy,0.007102564102564103,0.34797634890497353,60,7,1,3,0.7627329505474014,0.82,0.45,0.5377888082974615,7.0,0.05487640900994504,toy/proxy
Level 2 code-family proxy,rep3_toy_proxy,0.010153846153846156,0.010153846153846156,0,3,1,3,0.00030720804005462005,0.82,0.45,0.8198863330251798,3.0,0.14135971259054825,toy/proxy
Level 2 code-family proxy,stab_5_1_3_proxy,0.010153846153846156,0.010153846153846156,0,5,1,3,0.0010102275804763083,0.82,0.45,0.8196262157952237,5.0,0.10508028407631073,toy/proxy
Level 2 code-family proxy,stab_7_1_3_proxy,0.010153846153846156,0.010153846153846156,0,7,1,3,0.002092938791578236,0.82,0.45,0.819225612647116,7.0,0.08359445027011388,toy/proxy
Level 2 code-family proxy,stab_11_1_5_proxy,0.010153846153846156,0.010153846153846156,0,11,1,5,0.00016250389133865006,0.82,0.45,0.8199398735602046,11.0,0.05941593286668149,toy/proxy
Level 3 depth-sensitive proxy,stab_7_1_3_depth_proxy,0.010153846153846156,0.09702235374333468,10,7,1,3,0.1423594777444972,0.82,0.45,0.7673269932345359,7.0,0.07829867277903427,toy/proxy
Level 3 depth-sensitive proxy,stab_7_1_3_depth_proxy,0.010153846153846156,0.2637403539768477,30,7,1,3,0.58864518677557,0.82,0.45,0.602201280893039,7.0,0.06144911029520806,toy/proxy
Level 3 depth-sensitive proxy,stab_7_1_3_depth_proxy,0.010153846153846156,0.4579217336378625,60,7,1,3,0.9049138776490753,0.82,0.45,0.48518186526984214,7.0,0.04950835359896348,toy/proxy
Level 2 code-family proxy,rep3_toy_proxy,0.013205128205128206,0.013205128205128206,0,3,1,3,0.0005185209334277383,0.82,0.45,0.8198081472546317,3.0,0.14134623228528134,toy/proxy
Level 2 code-family proxy,stab_5_1_3_proxy,0.013205128205128206,0.013205128205128206,0,5,1,3,0.0016981556116568708,0.82,0.45,0.819371682423687,5.0,0.10504765159278039,toy/proxy
Level 2 code-family proxy,stab_7_1_3_proxy,0.013205128205128206,0.013205128205128206,0,7,1,3,0.0035038573225346648,0.82,0.45,0.8187035727906622,7.0,0.08354118089700634,toy/proxy
Level 2 code-family proxy,stab_11_1_5_proxy,0.013205128205128206,0.013205128205128206,0,11,1,5,0.00035092335318598344,0.82,0.45,0.8198701583593212,11.0,0.05941088104053052,toy/proxy
Level 3 depth-sensitive proxy,stab_7_1_3_depth_proxy,0.013205128205128206,0.12447442117368535,10,7,1,3,0.2131937828973267,0.82,0.45,0.7411183003279891,7.0,0.07562431635999887,toy/proxy
Level 3 depth-sensitive proxy,stab_7_1_3_depth_proxy,0.013205128205128206,0.3288702108762317,30,7,1,3,0.7283145836765088,0.82,0.45,0.5505236040396917,7.0,0.05617587796323384,toy/proxy
Level 3 depth-sensitive proxy,stab_7_1_3_depth_proxy,0.013205128205128206,0.5495848061506863,60,7,1,3,0.9641164855705446,0.82,0.45,0.4632769003388985,7.0,0.047273153095805966,toy/proxy
Level 2 code-family proxy,rep3_toy_proxy,0.016256410256410257,0.016256410256410257,0,3,1,3,0.0007842204317672248,0.82,0.45,0.8197098384402461,3.0,0.14132928248969762,toy/proxy
Level 2 code-family proxy,stab_5_1_3_proxy,0.016256410256410257,0.016256410256410257,0,5,1,3,0.0025578298742718886,0.82,0.45,0.8190536029465193,5.0,0.10500687217263069,toy/proxy
Level 2 code-family proxy,stab_7_1_3_proxy,0.016256410256410257,0.016256410256410257,0,7,1,3,0.005256200041363068,0.82,0.45,0.8180552059846956,7.0,0.08347502101884649,toy/proxy
Level 2 code-family proxy,stab_11_1_5_proxy,0.016256410256410257,0.016256410256410257,0,11,1,5,0.0006427784378775225,0.82,0.45,0.8197621719779853,11.0,0.05940305594043371,toy/proxy
Level 3 depth-sensitive proxy,stab_7_1_3_depth_proxy,0.016256410256410257,0.15117306075928627,10,7,1,3,0.28669649844632994,0.82,0.45,0.7139222955748579,7.0,0.07284921383416916,toy/proxy
Level 3 depth-sensitive proxy,stab_7_1_3_depth_proxy,0.016256410256410257,0.3884141018275289,30,7,1,3,0.8257181308081732,0.82,0.45,0.514484291600976,7.0,0.0524983971021404,toy/proxy
Level 3 depth-sensitive proxy,stab_7_1_3_depth_proxy,0.016256410256410257,0.6259626891565717,60,7,1,3,0.9869770024469224,0.82,0.45,0.45481850909463867,7.0,0.046410051948432514,toy/proxy
Level 2 code-family proxy,rep3_toy_proxy,0.01930769230769231,0.01930769230769231,0,3,1,3,0.0011039656340464273,0.82,0.45,0.8195915327154027,3.0,0.14130888495093152,toy/proxy
Level 2 code-family proxy,stab_5_1_3_proxy,0.01930769230769231,0.01930769230769231,0,5,1,3,0.0035859905147357374,0.82,0.45,0.8186731835095477,5.0,0.10495810044994201,toy/proxy
Level 2 code-family proxy,stab_7_1_3_proxy,0.01930769230769231,0.01930769230769231,0,7,1,3,0.007339058965873502,0.82,0.45,0.8172845481826267,7.0,0.08339638246761497,toy/proxy
Level 2 code-family proxy,stab_11_1_5_proxy,0.01930769230769231,0.01930769230769231,0,11,1,5,0.001057236214774826,0.82,0.45,0.8196088226005332,11.0,0.059391943666705305,toy/proxy
Level 3 depth-sensitive proxy,stab_7_1_3_depth_proxy,0.01930769230769231,0.17713670931390446,10,7,1,3,0.35963510430633794,0.82,0.45,0.6869350114066549,7.0,0.07009540932720967,toy/proxy
Level 3 depth-sensitive proxy,stab_7_1_3_depth_proxy,0.01930769230769231,0.4428359784069691,30,7,1,3,0.8905980074910053,0.82,0.45,0.4904787372283281,7.0,0.05004885073758449,toy/proxy
Level 3 depth-sensitive proxy,stab_7_1_3_depth_proxy,0.01930769230769231,0.6895682530422806,60,7,1,3,0.9954022965141204,0.82,0.45,0.4517011502897754,7.0,0.04609195411120157,toy/proxy
Level 2 code-family proxy,rep3_toy_proxy,0.02235897435897436,0.02235897435897436,0,3,1,3,0.001477415639238693,0.82,0.45,0.8194533562134817,3.0,0.14128506141611755,toy/proxy
Level 2 code-family proxy,stab_5_1_3_proxy,0.02235897435897436,0.02235897435897436,0,5,1,3,0.004779408208630542,0.82,0.45,0.8182316189628066,5.0,0.10490148961061624,toy/proxy
Level 2 code-family proxy,stab_7_1_3_proxy,0.02235897435897436,0.02235897435897436,0,7,1,3,0.009741730638715529,0.82,0.45,0.8163955596636753,7.0,0.08330566935343625,toy/proxy
Level 2 code-family proxy,stab_11_1_5_proxy,0.02235897435897436,0.02235897435897436,0,11,1,5,0.0016118359412959915,0.82,0.45,0.8194036207017205,11.0,0.05937707396389278,toy/proxy
Level 3 depth-sensitive proxy,stab_7_1_3_depth_proxy,0.02235897435897436,0.2023834076721377,10,7,1,3,0.42983359291201584,0.82,0.45,0.6609615706225541,7.0,0.06744505822679123,toy/proxy
Level 3 depth-sensitive proxy,stab_7_1_3_depth_proxy,0.02235897435897436,0.4925625227526508,30,7,1,3,0.9324721511922911,0.82,0.45,0.4749853040588523,7.0,0.04846788816927064,toy/proxy
Level 3 depth-sensitive proxy,stab_7_1_3_depth_proxy,0.02235897435897436,0.7425072066848459,60,7,1,3,0.9984100309564855,0.82,0.45,0.45058828854610034,7.0,0.045978396790418395,toy/proxy
Level 2 code-family proxy,rep3_toy_proxy,0.02541025641025641,0.02541025641025641,0,3,1,3,0.001904229546317369,0.82,0.45,0.8192954350678625,3.0,0.14125783363239008,toy/proxy
Level 2 code-family proxy,stab_5_1_3_proxy,0.02541025641025641,0.02541025641025641,0,5,1,3,0.006134884033752286,0.82,0.45,0.8177300929075115,5.0,0.10483719139839892,toy/proxy
Level 2 code-family proxy,stab_7_1_3_proxy,0.02541025641025641,0.02541025641025641,0,7,1,3,0.01245371357854852,0.82,0.45,0.815392125975937,7.0,0.0832032781608099,toy/proxy
Level 2 code-family proxy,stab_11_1_5_proxy,0.02541025641025641,0.02541025641025641,0,11,1,5,0.002322562419438179,0.82,0.45,0.8191406519048079,11.0,0.059358018253971585,toy/proxy
Level 3 depth-sensitive proxy,stab_7_1_3_depth_proxy,0.02541025641025641,0.22693080800165888,10,7,1,3,0.4959034193630423,0.82,0.45,0.6365157348356744,7.0,0.06495058518731371,toy/proxy
Level 3 depth-sensitive proxy,stab_7_1_3_depth_proxy,0.02541025641025641,0.5379860392206501,30,7,1,3,0.9588796343413762,0.82,0.45,0.4652145352936908,7.0,0.04747087094833579,toy/proxy
Level 3 depth-sensitive proxy,stab_7_1_3_depth_proxy,0.02541025641025641,0.7865431000449774,60,7,1,3,0.9994589954457708,0.82,0.45,0.4502001716850648,7.0,0.045938793029088244,toy/proxy
Level 2 code-family proxy,rep3_toy_proxy,0.02846153846153846,0.02846153846153846,0,3,1,3,0.0023840664542558038,0.82,0.45,0.8191178954119254,3.0,0.1412272233468837,toy/proxy
Level 2 code-family proxy,stab_5_1_3_proxy,0.02846153846153846,0.02846153846153846,0,5,1,3,0.0076492493431525865,0.82,0.45,0.8171697777430335,5.0,0.10476535612090172,toy/proxy
Level 2 code-family proxy,stab_7_1_3_proxy,0.02846153846153846,0.02846153846153846,0,7,1,3,0.015464705751071062,0.82,0.45,0.8142780588721036,7.0,0.0830895978440922,toy/proxy
Level 2 code-family proxy,stab_11_1_5_proxy,0.02846153846153846,0.02846153846153846,0,11,1,5,0.0032039170357731628,0.82,0.45,0.8188145506967639,11.0,0.059334387731649556,toy/proxy
Level 3 depth-sensitive proxy,stab_7_1_3_depth_proxy,0.02846153846153846,0.2507961810025776,10,7,1,3,0.5570354448072403,0.82,0.45,0.6138968854213211,7.0,0.06264253932870624,toy/proxy
Level 3 depth-sensitive proxy,stab_7_1_3_depth_proxy,0.02846153846153846,0.5794671296621273,30,7,1,3,0.9752390303958474,0.82,0.45,0.4591615587535365,7.0,0.04685322028097311,toy/proxy
Level 3 depth-sensitive proxy,stab_7_1_3_depth_proxy,0.02846153846153846,0.8231521049653899,60,7,1,3,0.9998183203411698,0.82,0.45,0.4500672214737672,7.0,0.04592522668099665,toy/proxy
Level 2 code-family proxy,rep3_toy_proxy,0.03151282051282051,0.03151282051282051,0,3,1,3,0.0029165854620273437,0.82,0.45,0.8189208633790498,3.0,0.1411932523067327,toy/proxy
Level 2 code-family proxy,stab_5_1_3_proxy,0.03151282051282051,0.03151282051282051,0,5,1,3,0.009319365638184585,0.82,0.45,0.8165518347138717,5.0,0.10468613265562458,toy/proxy
Level 2 code-family proxy,stab_7_1_3_proxy,0.03151282051282051,0.03151282051282051,0,7,1,3,0.01876460205984598,0.82,0.45,0.8130570972378569,7.0,0.08296500992223028,toy/proxy
Level 2 code-family proxy,stab_11_1_5_proxy,0.03151282051282051,0.03151282051282051,0,11,1,5,0.004268986539499364,0.82,0.45,0.8184204749803852,11.0,0.059305831520317764,toy/proxy
Level 3 depth-sensitive proxy,stab_7_1_3_depth_proxy,0.03151282051282051,0.27399642299533356,10,7,1,3,0.6128399936483601,0.82,0.45,0.5932492023501068,7.0,0.060535632892868035,toy/proxy
Level 3 depth-sensitive proxy,stab_7_1_3_depth_proxy,0.03151282051282051,0.617337167912198,30,7,1,3,0.9852304546862227,0.82,0.45,0.4554647317660976,7.0,0.046475993037356896,toy/proxy
Level 3 depth-sensitive proxy,stab_7_1_3_depth_proxy,0.03151282051282051,0.8535691569385426,60,7,1,3,0.9999396541795836,0.82,0.45,0.45002232795355407,7.0,0.04592064570954633,toy/proxy
Level 2 code-family proxy,rep3_toy_proxy,0.03456410256410256,0.03456410256410256,0,3,1,3,0.0035014456686053366,0.82,0.45,0.818704465102616,3.0,0.14115594225907171,toy/proxy
Level 2 code-family proxy,stab_5_1_3_proxy,0.03456410256410256,0.03456410256410256,0,5,1,3,0.01114212444154461,0.82,0.45,0.8158774139566284,5.0,0.104599668455978,toy/proxy
Level 2 code-family proxy,stab_7_1_3_proxy,0.03456410256410256,0.03456410256410256,0,7,1,3,0.022343491856838704,0.82,0.45,0.8117329080129696,7.0,0.08282988857275199,toy/proxy
Level 2 code-family proxy,stab_11_1_5_proxy,0.03456410256410256,0.03456410256410256,0,11,1,5,0.00552950961214016,0.82,0.45,0.817954081443508,11.0,0.05927203488721072,toy/proxy
Level 3 depth-sensitive proxy,stab_7_1_3_depth_proxy,0.03456410256410256,0.296548062898494,10,7,1,3,0.663224731827437,0.82,0.45,0.5746068492238483,7.0,0.05863335196161717,toy/proxy
Level 3 depth-sensitive proxy,stab_7_1_3_depth_proxy,0.03456410256410256,0.6519005880014725,30,7,1,3,0.991261732086288,0.82,0.45,0.45323315912807344,7.0,0.04624828154368096,toy/proxy
Level 3 depth-sensitive proxy,stab_7_1_3_depth_proxy,0.03456410256410256,0.8788267993662794,60,7,1,3,0.9999801430725264,0.82,0.45,0.45000734706316525,7.0,0.04591911704726176,toy/proxy
Level 2 code-family proxy,rep3_toy_proxy,0.03761538461538462,0.03761538461538462,0,3,1,3,0.004138306172963133,0.82,0.45,0.8184688267160036,3.0,0.1411153149510351,toy/proxy
Level 2 code-family proxy,stab_5_1_3_proxy,0.03761538461538462,0.03761538461538462,0,5,1,3,0.013114447170318955,0.82,0.45,0.815147654546982,5.0,0.10450610955730538,toy/proxy
Level 2 code-family proxy,stab_7_1_3_proxy,0.03761538461538462,0.03761538461538462,0,7,1,3,0.02619165647260535,0.82,0.45,0.8103090871051359,7.0,0.08268460072501387,toy/proxy
Level 2 code-family proxy,stab_11_1_5_proxy,0.03761538461538462,0.03761538461538462,0,11,1,5,0.0069959412815672195,0.82,0.45,0.8174115017258201,11.0,0.059232717516363775,toy/proxy
Level 3 depth-sensitive proxy,stab_7_1_3_depth_proxy,0.03761538461538462,0.3184672690978432,10,7,1,3,0.708302160378553,0.82,0.45,0.5579282006599353,7.0,0.05693144904693217,toy/proxy
Level 3 depth-sensitive proxy,stab_7_1_3_depth_proxy,0.03761538461538462,0.6834369995931409,30,7,1,3,0.9948668487525199,0.82,0.45,0.4518992659615677,7.0,0.04611216999607833,toy/proxy
Level 3 depth-sensitive proxy,stab_7_1_3_depth_proxy,0.03761538461538462,0.8997878667734069,60,7,1,3,0.999993519396698,0.82,0.45,0.4500023978232217,7.0,0.04591861202277772,toy/proxy
Level 2 code-family proxy,rep3_toy_proxy,0.04066666666666667,0.04066666666666667,0,3,1,3,0.004826826074074075,0.82,0.45,0.8182140743525926,3.0,0.14107139212975736,toy/proxy
Level 2 code-family proxy,stab_5_1_3_proxy,0.04066666666666667,0.04066666666666667,0,5,1,3,0.015233285009026432,0.82,0.45,0.8143636845466602,5.0,0.10440560058290516,toy/proxy
Level 2 code-family proxy,stab_7_1_3_proxy,0.04066666666666667,0.04066666666666667,0,7,1,3,0.030299566766042507,0.82,0.45,0.8087891602965642,7.0,0.08252950615271062,toy/proxy
Level 2 code-family proxy,stab_11_1_5_proxy,0.04066666666666667,0.04066666666666667,0,11,1,5,0.008677515232048849,0.82,0.45,0.8167893193641419,11.0,0.05918763183798129,toy/proxy
Level 3 depth-sensitive proxy,stab_7_1_3_depth_proxy,0.04066666666666667,0.3397698562081052,10,7,1,3,0.7483201991915931,0.82,0.45,0.5431215262991105,7.0,0.05542056390807249,toy/proxy
Level 3 depth-sensitive proxy,stab_7_1_3_depth_proxy,0.04066666666666667,0.7122031432075555,30,7,1,3,0.9970036532165186,0.82,0.45,0.4511086483098881,7.0,0.046031494725498785,toy/proxy
Level 3 depth-sensitive proxy,stab_7_1_3_depth_proxy,0.04066666666666667,0.9171729692203892,60,7,1,3,0.9999979003406677,0.82,0.45,0.45000077687395296,7.0,0.045918446619791116,toy/proxy
Level 2 code-family proxy,rep3_toy_proxy,0.04371794871794872,0.04371794871794872,0,3,1,3,0.005566664470911513,0.82,0.45,0.8179403341457627,3.0,0.1410241955423729,toy/proxy
Level 2 code-family proxy,stab_5_1_3_proxy,0.04371794871794872,0.04371794871794872,0,5,1,3,0.01749561878266337,0.82,0.45,0.8135266210504145,5.0,0.10429828475005315,toy/proxy
Level 2 code-family proxy,stab_7_1_3_proxy,0.04371794871794872,0.04371794871794872,0,7,1,3,0.03465788069363385,0.82,0.45,0.8071765841433554,7.0,0.0823649575656485,toy/proxy
Level 2 code-family proxy,stab_11_1_5_proxy,0.04371794871794872,0.04371794871794872,0,11,1,5,0.010582304061144576,0.82,0.45,0.8160845474973765,11.0,0.05913656141285337,toy/proxy
Level 3 depth-sensitive proxy,stab_7_1_3_depth_proxy,0.04371794871794872,0.3604712917286601,10,7,1,3,0.7836106869046742,0.82,0.45,0.5300640458452706,7.0,0.05408816794339495,toy/proxy
Level 3 depth-sensitive proxy,stab_7_1_3_depth_proxy,0.04371794871794872,0.7384346969183434,30,7,1,3,0.9982608811088678,0.82,0.45,0.45064347398971893,7.0,0.04598402795813458,toy/proxy
Level 3 depth-sensitive proxy,stab_7_1_3_depth_proxy,0.04371794871794872,0.9315835922238012,60,7,1,3,0.9999993242062502,0.82,0.45,0.45000025004368743,7.0,0.04591839286160076,toy/proxy
Level 2 code-family proxy,rep3_toy_proxy,0.04676923076923077,0.04676923076923077,0,3,1,3,0.006357480462448794,0.82,0.45,0.817647732228894,3.0,0.14097374693601622,toy/proxy
Level 2 code-family proxy,stab_5_1_3_proxy,0.04676923076923077,0.04676923076923077,0,5,1,3,0.01989845882974539,0.82,0.45,0.8126375702329942,5.0,0.1041843038760249,toy/proxy
Level 2 code-family proxy,stab_7_1_3_proxy,0.04676923076923077,0.04676923076923077,0,7,1,3,0.03925744089811323,0.82,0.45,0.805474746867698,7.0,0.08219130070078551,toy/proxy
Level 2 code-family proxy,stab_11_1_5_proxy,0.04676923076923077,0.04676923076923077,0,11,1,5,0.012717277533322413,0.82,0.45,0.8152946073126707,11.0,0.05907931937048338,toy/proxy
Level 3 depth-sensitive proxy,stab_7_1_3_depth_proxy,0.04676923076923077,0.38058670259457816,10,7,1,3,0.8145517065825274,0.82,0.45,0.5186158685644648,7.0,0.0529199865882107,toy/proxy
Level 3 depth-sensitive proxy,stab_7_1_3_depth_proxy,0.04676923076923077,0.7623479453849442,30,7,1,3,0.9989957930211458,0.82,0.45,0.45037155658217604,7.0,0.04595628128389551,toy/proxy
Level 3 depth-sensitive proxy,stab_7_1_3_depth_proxy,0.04676923076923077,0.9435215009372425,60,7,1,3,0.9999997838044629,0.82,0.45,0.45000007999234876,7.0,0.04591837550942334,toy/proxy
Level 2 code-family proxy,rep3_toy_proxy,0.04982051282051282,0.04982051282051282,0,3,1,3,0.007198933147659266,0.82,0.45,0.817336394735366,3.0,0.14092006805782173,toy/proxy
Level 2 code-family proxy,stab_5_1_3_proxy,0.04982051282051282,0.04982051282051282,0,5,1,3,0.022438844875354635,0.82,0.45,0.8116976273961187,5.0,0.10406379838411779,toy/proxy
Level 2 code-family proxy,stab_7_1_3_proxy,0.04982051282051282,0.04982051282051282,0,7,1,3,0.0440892723164793,0.82,0.45,0.8036869692429026,7.0,0.08200887441254108,toy/proxy
Level 2 code-family proxy,stab_11_1_5_proxy,0.04982051282051282,0.04982051282051282,0,11,1,5,0.01508835887930815,0.82,0.45,0.8144173072146559,11.0,0.05901574689961274,toy/proxy
Level 3 depth-sensitive proxy,stab_7_1_3_depth_proxy,0.04982051282051282,0.4001308816243052,10,7,1,3,0.8415405143031528,0.82,0.45,0.5086300097078335,7.0,0.05190102139875851,toy/proxy
Level 3 depth-sensitive proxy,stab_7_1_3_depth_proxy,0.04982051282051282,0.7841413213224924,30,7,1,3,0.9994228866004772,0.82,0.45,0.45021353195782343,7.0,0.04594015632222688,toy/proxy
Level 3 depth-sensitive proxy,stab_7_1_3_depth_proxy,0.04982051282051282,0.9534050308396005,60,7,1,3,0.9999999312248976,0.82,0.45,0.4500000254467879,7.0,0.04591836994354978,toy/proxy
Level 2 code-family proxy,rep3_toy_proxy,0.05287179487179487,0.05287179487179487,0,3,1,3,0.008090681625516277,0.82,0.45,0.8170064477985589,3.0,0.14086318065492395,toy/proxy
Level 2 code-family proxy,stab_5_1_3_proxy,0.05287179487179487,0.05287179487179487,0,5,1,3,0.025113845904181753,0.82,0.45,0.8107078770154528,5.0,0.10393690730967343,toy/proxy
Level 2 code-family proxy,stab_7_1_3_proxy,0.05287179487179487,0.05287179487179487,0,7,1,3,0.04914457980727294,0.82,0.45,0.801816505471309,7.0,0.08181801076237846,toy/proxy
Level 2 code-family proxy,stab_11_1_5_proxy,0.05287179487179487,0.05287179487179487,0,11,1,5,0.017700479189246665,0.82,0.45,0.8134508226999786,11.0,0.05894571178985352,toy/proxy
Level 3 depth-sensitive proxy,stab_7_1_3_depth_proxy,0.05287179487179487,0.4191182938652923,10,7,1,3,0.8649745405261451,0.82,0.45,0.49995942000532634,7.0,0.051016267347482276,toy/proxy
Level 3 depth-sensitive proxy,stab_7_1_3_depth_proxy,0.05287179487179487,0.8039968287974777,30,7,1,3,0.9996697836782514,0.82,0.45,0.45012218003904697,7.0,0.04593083469786193,toy/proxy
Level 3 depth-sensitive proxy,stab_7_1_3_depth_proxy,0.05287179487179487,0.9615827568785548,60,7,1,3,0.9999999782372614,0.82,0.45,0.4500000080522133,7.0,0.04591836816859319,toy/proxy
Level 2 code-family proxy,rep3_toy_proxy,0.05592307692307692,0.05592307692307692,0,3,1,3,0.009032384994993172,0.82,0.45,0.8166580175518524,3.0,0.14080310647445732,toy/proxy
Level 2 code-family proxy,stab_5_1_3_proxy,0.05592307692307692,0.05592307692307692,0,5,1,3,0.02792056003357113,0.82,0.45,0.8096693927875787,5.0,0.10380376830609983,toy/proxy
Level 2 code-family proxy,stab_7_1_3_proxy,0.05592307692307692,0.05592307692307692,0,7,1,3,0.054414745797055186,0.82,0.45,0.7998665440550895,7.0,0.08161903510766219,toy/proxy
Level 2 code-family proxy,stab_11_1_5_proxy,0.05592307692307692,0.05592307692307692,0,11,1,5,0.020557629946922784,0.82,0.45,0.8123936769196386,11.0,0.05886910702316221,toy/proxy
Level 3 depth-sensitive proxy,stab_7_1_3_depth_proxy,0.05592307692307692,0.43756308283887924,10,7,1,3,0.8852384859693982,0.82,0.45,0.49246176019132265,7.0,0.05025120001952271,toy/proxy
Level 3 depth-sensitive proxy,stab_7_1_3_depth_proxy,0.05592307692307692,0.8220813570734058,30,7,1,3,0.999811823397624,0.82,0.45,0.45006962534287914,7.0,0.04592547197376318,toy/proxy
Level 3 depth-sensitive proxy,stab_7_1_3_depth_proxy,0.05592307692307692,0.9683449564991591,60,7,1,3,0.999999993148131,0.82,0.45,0.4500000025351915,7.0,0.04591836760563178,toy/proxy
Level 2 code-family proxy,rep3_toy_proxy,0.05897435897435897,0.05897435897435897,0,3,1,3,0.010023702355063302,0.82,0.45,0.8162912301286265,3.0,0.1407398672635563,toy/proxy
Level 2 code-family proxy,stab_5_1_3_proxy,0.05897435897435897,0.05897435897435897,0,5,1,3,0.030856114386562772,0.82,0.45,0.8085832376769717,5.0,0.10366451765089381,toy/proxy
Level 2 code-family proxy,stab_7_1_3_proxy,0.05897435897435897,0.05897435897435897,0,7,1,3,0.059891327946003714,0.82,0.45,0.7978402086599786,7.0,0.08141226618979373,toy/proxy
Level 2 code-family proxy,stab_11_1_5_proxy,0.05897435897435897,0.05897435897435897,0,11,1,5,0.02366291375138696,0.82,0.45,0.8112447219119868,11.0,0.058785849413912086,toy/proxy
Level 3 depth-sensitive proxy,stab_7_1_3_depth_proxy,0.05897435897435897,0.4554790766857054,10,7,1,3,0.9026959721586096,0.82,0.45,0.4860024903013145,7.0,0.0495920908470729,toy/proxy
Level 3 depth-sensitive proxy,stab_7_1_3_depth_proxy,0.05897435897435897,0.8385478931115102,30,7,1,3,0.9998931751426902,0.82,0.45,0.45003952519720464,7.0,0.045922400530327,toy/proxy
Level 3 depth-sensitive proxy,stab_7_1_3_depth_proxy,0.05897435897435897,0.9739332171812677,60,7,1,3,0.9999999978531131,0.82,0.45,0.45000000079434815,7.0,0.045918367427994704,toy/proxy
Level 2 code-family proxy,rep3_toy_proxy,0.06202564102564102,0.06202564102564102,0,3,1,3,0.01106429280470001,0.82,0.45,0.815906211662261,3.0,0.14067348476935534,toy/proxy
Level 2 code-family proxy,stab_5_1_3_proxy,0.06202564102564102,0.06202564102564102,0,5,1,3,0.03391766496493975,0.82,0.45,0.8074504639629723,5.0,0.1035192902516631,toy/proxy
Level 2 code-family proxy,stab_7_1_3_proxy,0.06202564102564102,0.06202564102564102,0,7,1,3,0.06556605683256078,0.82,0.45,0.7957405589719524,7.0,0.08119801622162778,toy/proxy
Level 2 code-family proxy,stab_11_1_5_proxy,0.06202564102564102,0.06202564102564102,0,11,1,5,0.02701859327151579,0.82,0.45,0.810003120489539,11.0,0.05869587829634341,toy/proxy
Level 3 depth-sensitive proxy,stab_7_1_3_depth_proxy,0.06202564102564102,0.4728797942129316,10,7,1,3,0.9176845541375278,0.82,0.45,0.4804567149691147,7.0,0.0490261954050117,toy/proxy
Level 3 depth-sensitive proxy,stab_7_1_3_depth_proxy,0.06202564102564102,0.8535366402546022,30,7,1,3,0.9999395756578465,0.82,0.45,0.45002235700659676,7.0,0.04592064867414252,toy/proxy
Level 3 depth-sensitive proxy,stab_7_1_3_depth_proxy,0.06202564102564102,0.9785484842520902,60,7,1,3,0.999999999330445,0.82,0.45,0.45000000024773534,7.0,0.04591836737221789,toy/proxy
Level 2 code-family proxy,rep3_toy_proxy,0.06507692307692307,0.06507692307692307,0,3,1,3,0.01215381544287665,0.82,0.45,0.8155030882861356,3.0,0.1406039807389889,toy/proxy
Level 2 code-family proxy,stab_5_1_3_proxy,0.06507692307692307,0.06507692307692307,0,5,1,3,0.037102396522269765,0.82,0.45,0.8062721132867602,5.0,0.10336821965214875,toy/proxy
Level 2 code-family proxy,stab_7_1_3_proxy,0.06507692307692307,0.06507692307692307,0,7,1,3,0.07143083365704939,0.82,0.45,0.7935705915468917,7.0,0.08097659097417262,toy/proxy
Level 2 code-family proxy,stab_11_1_5_proxy,0.06507692307692307,0.06507692307692307,0,11,1,5,0.03062613847814777,0.82,0.45,0.8086683287630853,11.0,0.05859915425819458,toy/proxy
Level 3 depth-sensitive proxy,stab_7_1_3_depth_proxy,0.06507692307692307,0.4897784508445183,10,7,1,3,0.9305131771049765,0.82,0.45,0.4757101244711587,7.0,0.048541849435832514,toy/proxy
Level 3 depth-sensitive proxy,stab_7_1_3_depth_proxy,0.06507692307692307,0.8671760500845398,30,7,1,3,0.9999659384764517,0.82,0.45,0.4500126027637129,7.0,0.04591965334323601,toy/proxy
Level 3 depth-sensitive proxy,stab_7_1_3_depth_proxy,0.06507692307692307,0.9823577983288553,60,7,1,3,0.9999999997921274,0.82,0.45,0.4500000000769129,7.0,0.04591836735478703,toy/proxy
Level 2 code-family proxy,rep3_toy_proxy,0.06812820512820512,0.06812820512820512,0,3,1,3,0.013291929368566562,0.82,0.45,0.8150819861336303,3.0,0.14053137691959142,toy/proxy
Level 2 code-family proxy,stab_5_1_3_proxy,0.06812820512820512,0.06812820512820512,0,5,1,3,0.04040752243695023,0.82,0.45,0.8050492166983284,5.0,0.10321143803824723,toy/proxy
Level 2 code-family proxy,stab_7_1_3_proxy,0.06812820512820512,0.06812820512820512,0,7,1,3,0.07747772796418995,0.82,0.45,0.7913332406532497,7.0,0.0807482898625765,toy/proxy
Level 2 code-family proxy,stab_11_1_5_proxy,0.06812820512820512,0.06812820512820512,0,11,1,5,0.03448627219764888,0.82,0.45,0.8072400792868698,11.0,0.05849565791933839,toy/proxy
Level 3 depth-sensitive proxy,stab_7_1_3_depth_proxy,0.06812820512820512,0.506187964475818,10,7,1,3,0.9414613745934034,0.82,0.45,0.47165929140044077,7.0,0.04812849912249395,toy/proxy
Level 3 depth-sensitive proxy,stab_7_1_3_depth_proxy,0.06812820512820512,0.8795837739430885,30,7,1,3,0.9999808619812419,0.82,0.45,0.4500070810669405,7.0,0.045919089904789843,toy/proxy
Level 3 depth-sensitive proxy,stab_7_1_3_depth_proxy,0.06812820512820512,0.9854999325022108,60,7,1,3,0.999999999935748,0.82,0.45,0.45000000002377327,7.0,0.045918367349364615,toy/proxy
Level 2 code-family proxy,rep3_toy_proxy,0.07117948717948717,0.07117948717948717,0,3,1,3,0.0144782936807431,0.82,0.45,0.8146430313381251,3.0,0.14045569505829744,toy/proxy
Level 2 code-family proxy,stab_5_1_3_proxy,0.07117948717948717,0.07117948717948717,0,5,1,3,0.043830284585250734,0.82,0.45,0.8037827947034571,5.0,0.10304907624403296,toy/proxy
Level 2 code-family proxy,stab_7_1_3_proxy,0.07117948717948717,0.07117948717948717,0,7,1,3,0.08369897538443705,0.82,0.45,0.7890313791077583,7.0,0.0805134060314039,toy/proxy
Level 2 code-family proxy,stab_11_1_5_proxy,0.07117948717948717,0.07117948717948717,0,11,1,5,0.038599014029907064,0.82,0.45,0.8057183648089343,11.0,0.0583853887542706,toy/proxy
Level 3 depth-sensitive proxy,stab_7_1_3_depth_proxy,0.07117948717948717,0.5221209612337092,10,7,1,3,0.9507796750256234,0.82,0.45,0.4682115202405193,7.0,0.0477766857388285,toy/proxy
Level 3 depth-sensitive proxy,stab_7_1_3_depth_proxy,0.07117948717948717,0.8908675401395951,30,7,1,3,0.9999892806280555,0.82,0.45,0.4500039661676195,7.0,0.04591877205792035,toy/proxy
Level 3 depth-sensitive proxy,stab_7_1_3_depth_proxy,0.07117948717948717,0.9880901062048171,60,7,1,3,0.9999999999802263,0.82,0.45,0.4500000000073163,7.0,0.045918367347685334,toy/proxy
Level 2 code-family proxy,rep3_toy_proxy,0.07423076923076924,0.07423076923076924,0,3,1,3,0.01571256747837961,0.82,0.45,0.8141863500329996,3.0,0.1403769569022413,toy/proxy
Level 2 code-family proxy,stab_5_1_3_proxy,0.07423076923076924,0.07423076923076924,0,5,1,3,0.04736795321436005,0.82,0.45,0.8024738573106867,5.0,0.10288126375778034,toy/proxy
Level 2 code-family proxy,stab_7_1_3_proxy,0.07423076923076924,0.07423076923076924,0,7,1,3,0.0900869753940724,0.82,0.45,0.7866678191041933,7.0,0.08027222643920338,toy/proxy
Level 2 code-family proxy,stab_11_1_5_proxy,0.07423076923076924,0.07423076923076924,0,11,1,5,0.042963722672978544,0.82,0.45,0.8041034226109979,11.0,0.058268363957318686,toy/proxy
Level 3 depth-sensitive proxy,stab_7_1_3_depth_proxy,0.07423076923076924,0.5375897811435046,10,7,1,3,0.958690815595361,0.82,0.45,0.46528439822971646,7.0,0.04747799981935882,toy/proxy
Level 3 depth-sensitive proxy,stab_7_1_3_depth_proxy,0.07423076923076924,0.90112596243475,30,7,1,3,0.9999940140679338,0.82,0.45,0.4500022147948645,7.0,0.045918593346414745,toy/proxy
Level 3 depth-sensitive proxy,stab_7_1_3_depth_proxy,0.07423076923076924,0.9902239246955455,60,7,1,3,0.9999999999939406,0.82,0.45,0.450000000002242,7.0,0.045918367347167546,toy/proxy
Level 2 code-family proxy,rep3_toy_proxy,0.07728205128205129,0.07728205128205129,0,3,1,3,0.016994409860449432,0.82,0.45,0.8137120683516337,3.0,0.14029518419855752,toy/proxy
Level 2 code-family proxy,stab_5_1_3_proxy,0.07728205128205129,0.07728205128205129,0,5,1,3,0.051017826815428435,0.82,0.45,0.8011234040782914,5.0,0.10270812872798608,toy/proxy
Level 2 code-family proxy,stab_7_1_3_proxy,0.07728205128205129,0.07728205128205129,0,7,1,3,0.09663428909396665,0.82,0.45,0.7842453130352323,7.0,0.08002503194237064,toy/proxy
Level 2 code-family proxy,stab_11_1_5_proxy,0.07728205128205129,0.07728205128205129,0,11,1,5,0.04757913669577196,0.82,0.45,0.8023957194225644,11.0,0.058144617349461185,toy/proxy
Level 3 depth-sensitive proxy,stab_7_1_3_depth_proxy,0.07728205128205129,0.5526064837038337,10,7,1,3,0.9653914650672031,0.82,0.45,0.4628051579251349,7.0,0.04722501611480968,toy/proxy
Level 3 depth-sensitive proxy,stab_7_1_3_depth_proxy,0.07728205128205129,0.9104492849855439,30,7,1,3,0.9999966670557071,0.82,0.45,0.4500012331893884,7.0,0.04591849318259065,toy/proxy
Level 3 depth-sensitive proxy,stab_7_1_3_depth_proxy,0.07728205128205129,0.9919806694403996,60,7,1,3,0.999999999998151,0.82,0.45,0.45000000000068413,7.0,0.04591836734700858,toy/proxy
Level 2 code-family proxy,rep3_toy_proxy,0.08033333333333334,0.08033333333333334,0,3,1,3,0.01832347992592593,0.82,0.45,0.8132203124274073,3.0,0.14021039869438057,toy/proxy
Level 2 code-family proxy,stab_5_1_3_proxy,0.08033333333333334,0.08033333333333334,0,5,1,3,0.05477723199661,0.82,0.45,0.7997324241612542,5.0,0.10252979796939157,toy/proxy
Level 2 code-family proxy,stab_7_1_3_proxy,0.08033333333333334,0.08033333333333334,0,7,1,3,0.10333363700693998,0.82,0.45,0.7817665543074322,7.0,0.07977209737830941,toy/proxy
Level 2 code-family proxy,stab_11_1_5_proxy,0.08033333333333334,0.08033333333333334,0,11,1,5,0.052443413799394434,0.82,0.45,0.800595936894224,11.0,0.058014198325668405,toy/proxy
Level 3 depth-sensitive proxy,stab_7_1_3_depth_proxy,0.08033333333333334,0.5671828533707044,10,7,1,3,0.9710542364282749,0.82,0.45,0.4607099325215383,7.0,0.0470112176042386,toy/proxy
Level 3 depth-sensitive proxy,stab_7_1_3_depth_proxy,0.08033333333333334,0.9189200685604474,30,7,1,3,0.9999981494704898,0.82,0.45,0.45000068469591875,7.0,0.045918437213869255,toy/proxy
Level 3 depth-sensitive proxy,stab_7_1_3_depth_proxy,0.08033333333333334,0.9934260447177574,60,7,1,3,0.9999999999994381,0.82,0.45,0.4500000000002079,7.0,0.04591836734695998,toy/proxy
Level 2 code-family proxy,rep3_toy_proxy,0.08338461538461539,0.08338461538461539,0,3,1,3,0.019699436773782435,0.82,0.45,0.8127112083937005,3.0,0.14012262213684493,toy/proxy
Level 2 code-family proxy,stab_5_1_3_proxy,0.08338461538461539,0.08338461538461539,0,5,1,3,0.05864352335611045,0.82,0.45,0.7983018963582391,5.0,0.10234639696900502,toy/proxy
Level 2 code-family proxy,stab_7_1_3_proxy,0.08338461538461539,0.08338461538461539,0,7,1,3,0.11017789689365642,0.82,0.45,0.779234178149347,7.0,0.07951369164789254,toy/proxy
Level 2 code-family proxy,stab_11_1_5_proxy,0.08338461538461539,0.08338461538461539,0,11,1,5,0.057554168607013234,0.82,0.45,0.798704957615405,11.0,0.05787717084169602,toy/proxy
Level 3 depth-sensitive proxy,stab_7_1_3_depth_proxy,0.08338461538461539,0.5813304049519354,10,7,1,3,0.9758298312710332,0.82,0.45,0.4589429624297177,7.0,0.046830914533644664,toy/proxy
Level 3 depth-sensitive proxy,stab_7_1_3_depth_proxy,0.08338461538461539,0.9266138224839073,30,7,1,3,0.9999989753667365,0.82,0.45,0.4500003791143075,7.0,0.045918406032072194,toy/proxy
Level 3 depth-sensitive proxy,stab_7_1_3_depth_proxy,0.08338461538461539,0.9946144689495765,60,7,1,3,0.99999999999983,0.82,0.45,0.4500000000000629,7.0,0.04591836734694519,toy/proxy
Level 2 code-family proxy,rep3_toy_proxy,0.08643589743589744,0.08643589743589744,0,3,1,3,0.021121939502992296,0.82,0.45,0.8121848823838927,3.0,0.14003187627308497,toy/proxy
Level 2 code-family proxy,stab_5_1_3_proxy,0.08643589743589744,0.08643589743589744,0,5,1,3,0.06261408335522867,0.82,0.45,0.7968327891585654,5.0,0.10215804989212376,toy/proxy
Level 2 code-family proxy,stab_7_1_3_proxy,0.08643589743589744,0.08643589743589744,0,7,1,3,0.11716010158696133,0.82,0.45,0.7766507624128243,7.0,0.07925007779722697,toy/proxy
Level 2 code-family proxy,stab_11_1_5_proxy,0.08643589743589744,0.08643589743589744,0,11,1,5,0.06290850902128398,0.82,0.45,0.7967238516621249,11.0,0.05773361243928441,toy/proxy
Level 3 depth-sensitive proxy,stab_7_1_3_depth_proxy,0.08643589743589744,0.595060388913126,10,7,1,3,0.9798492042798762,0.82,0.45,0.45745579441644585,7.0,0.04667916269555569,toy/proxy
Level 3 depth-sensitive proxy,stab_7_1_3_depth_proxy,0.08643589743589744,0.9335995864437594,30,7,1,3,0.9999994341859224,0.82,0.45,0.4500002093512087,7.0,0.045918388709307006,toy/proxy
Level 3 depth-sensitive proxy,stab_7_1_3_depth_proxy,0.08643589743589744,0.9955909850795602,60,7,1,3,0.9999999999999488,0.82,0.45,0.45000000000001894,7.0,0.04591836734694071,toy/proxy
Level 2 code-family proxy,rep3_toy_proxy,0.08948717948717949,0.08948717948717949,0,3,1,3,0.022590647212528875,0.82,0.45,0.8116414605313642,3.0,0.1399381828502352,toy/proxy
Level 2 code-family proxy,stab_5_1_3_proxy,0.08948717948717949,0.08948717948717949,0,5,1,3,0.06668632219140158,0.82,0.45,0.7953260607891814,5.0,0.1019648795883566,toy/proxy
Level 2 code-family proxy,stab_7_1_3_proxy,0.08948717948717949,0.08948717948717949,0,7,1,3,0.12427343684460057,0.82,0.45,0.7740188283674978,7.0,0.07898151309872425,toy/proxy
Level 2 code-family proxy,stab_11_1_5_proxy,0.08948717948717949,0.08948717948717949,0,11,1,5,0.06850307118767796,0.82,0.45,0.7946538636605591,11.0,0.05758361330873617,toy/proxy
Level 3 depth-sensitive proxy,stab_7_1_3_depth_proxy,0.08948717948717949,0.6083837965963343,10,7,1,3,0.9832256713721785,0.82,0.45,0.4562065015922939,7.0,0.046551683835948356,toy/proxy
Level 3 depth-sensitive proxy,stab_7_1_3_depth_proxy,0.08948717948717949,0.9399404659924735,30,7,1,3,0.9999996883720053,0.82,0.45,0.45000011530235806,7.0,0.045918379112485516,toy/proxy
Level 3 depth-sensitive proxy,stab_7_1_3_depth_proxy,0.08948717948717949,0.9963928523747988,60,7,1,3,0.9999999999999847,0.82,0.45,0.4500000000000057,7.0,0.045918367346939354,toy/proxy
Level 2 code-family proxy,rep3_toy_proxy,0.09253846153846154,0.09253846153846154,0,3,1,3,0.024105219001365506,0.82,0.45,0.8110810689694947,3.0,0.13984156361543013,toy/proxy
Level 2 code-family proxy,stab_5_1_3_proxy,0.09253846153846154,0.09253846153846154,0,5,1,3,0.07085767767124795,0.82,0.45,0.7937826592616383,5.0,0.10176700759764594,toy/proxy
Level 2 code-family proxy,stab_7_1_3_proxy,0.09253846153846154,0.09253846153846154,0,7,1,3,0.13151123922023966,0.82,0.45,0.7713408414885112,7.0,0.07870824913148074,toy/proxy
Level 2 code-family proxy,stab_11_1_5_proxy,0.09253846153846154,0.09253846153846154,0,11,1,5,0.07433405310127572,0.82,0.45,0.792496400352528,11.0,0.057427275387864345,toy/proxy
Level 3 depth-sensitive proxy,stab_7_1_3_depth_proxy,0.09253846153846154,0.6213113653526157,10,7,1,3,0.9860569114027392,0.82,0.45,0.45515894278098645,7.0,0.04644479007969249,toy/proxy
Level 3 depth-sensitive proxy,stab_7_1_3_depth_proxy,0.09253846153846154,0.9456941252917203,30,7,1,3,0.9999998288102322,0.82,0.45,0.4500000633402141,7.0,0.045918373810225926,toy/proxy
Level 3 depth-sensitive proxy,stab_7_1_3_depth_proxy,0.09253846153846154,0.9970508719721686,60,7,1,3,0.9999999999999954,0.82,0.45,0.4500000000000017,7.0,0.045918367346938944,toy/proxy
Level 2 code-family proxy,rep3_toy_proxy,0.09558974358974359,0.09558974358974359,0,3,1,3,0.025665313968475535,0.82,0.45,0.810503833831664,3.0,0.13974204031580414,toy/proxy
Level 2 code-family proxy,stab_5_1_3_proxy,0.09558974358974359,0.09558974358974359,0,5,1,3,0.07512561508361193,0.82,0.45,0.7922035224190636,5.0,0.1015645541562902,toy/proxy
Level 2 code-family proxy,stab_7_1_3_proxy,0.09558974358974359,0.09558974358974359,0,7,1,3,0.1388669939527103,0.82,0.45,0.7686192122374971,7.0,0.07843053186096909,toy/proxy
Level 2 code-family proxy,stab_11_1_5_proxy,0.09558974358974359,0.09558974358974359,0,11,1,5,0.0803972468938533,0.82,0.45,0.7902530186492742,11.0,0.057264711496324214,toy/proxy
Level 3 depth-sensitive proxy,stab_7_1_3_depth_proxy,0.09558974358974359,0.633853583589558,10,7,1,3,0.9884268308588138,0.82,0.45,0.4542820725822389,7.0,0.04635531352879989,toy/proxy
Level 3 depth-sensitive proxy,stab_7_1_3_depth_proxy,0.09558974358974359,0.9509132403881634,30,7,1,3,0.9999999061971534,0.82,0.45,0.45000003470705324,7.0,0.045918370888474815,toy/proxy
Level 3 depth-sensitive proxy,stab_7_1_3_depth_proxy,0.09558974358974359,0.9975904900308098,60,7,1,3,0.9999999999999987,0.82,0.45,0.4500000000000005,7.0,0.045918367346938826,toy/proxy
Level 2 code-family proxy,rep3_toy_proxy,0.09864102564102564,0.09864102564102564,0,3,1,3,0.027270591212832315,0.82,0.45,0.809909881251252,3.0,0.13963963469849172,toy/proxy
Level 2 code-family proxy,stab_5_1_3_proxy,0.09864102564102564,0.09864102564102564,0,5,1,3,0.07948762707260837,0.82,0.45,0.7905895779831349,5.0,0.10135763820296602,toy/proxy
Level 2 code-family proxy,stab_7_1_3_proxy,0.09864102564102564,0.09864102564102564,0,7,1,3,0.14633433287341457,0.82,0.45,0.7658562968368365,7.0,0.07814860171804454,toy/proxy
Level 2 code-family proxy,stab_11_1_5_proxy,0.09864102564102564,0.09864102564102564,0,11,1,5,0.08668806983739175,0.82,0.45,0.787925414160165,11.0,0.05709604450435978,toy/proxy
Level 3 depth-sensitive proxy,stab_7_1_3_depth_proxy,0.09864102564102564,0.6460206957349531,10,7,1,3,0.9904072752155948,0.82,0.45,0.4535493081702299,7.0,0.04628054165002346,toy/proxy
Level 3 depth-sensitive proxy,stab_7_1_3_depth_proxy,0.09864102564102564,0.9556459160653041,30,7,1,3,0.9999999487295929,0.82,0.45,0.45000001897005065,7.0,0.045918369282658224,toy/proxy
Level 3 depth-sensitive proxy,stab_7_1_3_depth_proxy,0.09864102564102564,0.9980327152383139,60,7,1,3,0.9999999999999996,0.82,0.45,0.4500000000000002,7.0,0.04591836734693879,toy/proxy
Level 2 code-family proxy,rep3_toy_proxy,0.10169230769230769,0.10169230769230769,0,3,1,3,0.02892070983340919,0.82,0.45,0.8092993373616386,3.0,0.13953436851062734,toy/proxy
Level 2 code-family proxy,stab_5_1_3_proxy,0.10169230769230769,0.10169230769230769,0,5,1,3,0.08394123351066662,0.82,0.45,0.7889417436010533,5.0,0.10114637738475042,toy/proxy
Level 2 code-family proxy,stab_7_1_3_proxy,0.10169230769230769,0.10169230769230769,0,7,1,3,0.15390703233180458,0.82,0.45,0.7630543980372323,7.0,0.0778626936772686,toy/proxy
Level 2 code-family proxy,stab_11_1_5_proxy,0.10169230769230769,0.10169230769230769,0,11,1,5,0.09320159409937445,0.82,0.45,0.7855154101832313,11.0,0.05692140653501676,toy/proxy
Level 3 depth-sensitive proxy,stab_7_1_3_depth_proxy,0.10169230769230769,0.6578227071177123,10,7,1,3,0.9920595808220288,0.82,0.45,0.45293795509584933,7.0,0.04621815868324993,toy/proxy
Level 3 depth-sensitive proxy,stab_7_1_3_depth_proxy,0.10169230769230769,0.9599360690903574,30,7,1,3,0.999999972046036,0.82,0.45,0.45000001034296666,7.0,0.045918368402343535,toy/proxy
Level 3 depth-sensitive proxy,stab_7_1_3_depth_proxy,0.10169230769230769,0.9983948814400674,60,7,1,3,0.9999999999999999,0.82,0.45,0.45000000000000007,7.0,0.04591836734693878,toy/proxy
Level 2 code-family proxy,rep3_toy_proxy,0.10474358974358974,0.10474358974358974,0,3,1,3,0.030615328929179522,0.82,0.45,0.8086723282962035,3.0,0.13942626349934545,toy/proxy
Level 2 code-family proxy,stab_5_1_3_proxy,0.10474358974358974,0.10474358974358974,0,5,1,3,0.08848398137157276,0.82,0.45,0.787260926892518,5.0,0.10093088806314333,toy/proxy
Level 2 code-family proxy,stab_7_1_3_proxy,0.10474358974358974,0.10474358974358974,0,7,1,3,0.16157901113886364,0.82,0.45,0.7602157658786205,7.0,0.0775730373345531,toy/proxy
Level 2 code-family proxy,stab_11_1_5_proxy,0.10474358974358974,0.10474358974358974,0,11,1,5,0.09993257528458033,0.82,0.45,0.7830249471447053,11.0,0.056740938198891686,toy/proxy
Level 3 depth-sensitive proxy,stab_7_1_3_depth_proxy,0.10474358974358974,0.6692693887671383,10,7,1,3,0.9934359683119176,0.82,0.45,0.4524286917245905,7.0,0.04616619303312147,toy/proxy
Level 3 depth-sensitive proxy,stab_7_1_3_depth_proxy,0.10474358974358974,0.9638237804653832,30,7,1,3,0.999999984796022,0.82,0.45,0.4500000056254719,7.0,0.04591836792096651,toy/proxy
Level 3 depth-sensitive proxy,stab_7_1_3_depth_proxy,0.10474358974358974,0.9986912811401832,60,7,1,3,1.0,0.82,0.45,0.45,7.0,0.04591836734693877,toy/proxy
Level 2 code-family proxy,rep3_toy_proxy,0.1077948717948718,0.1077948717948718,0,3,1,3,0.03235410759911664,0.82,0.45,0.8080289801883268,3.0,0.13931534141178048,toy/proxy
Level 2 code-family proxy,stab_5_1_3_proxy,0.1077948717948718,0.1077948717948718,0,5,1,3,0.09311344460351667,0.82,0.45,0.7855480254966988,5.0,0.10071128532008959,toy/proxy
Level 2 code-family proxy,stab_7_1_3_proxy,0.1077948717948718,0.1077948717948718,0,7,1,3,0.16934432852852643,0.82,0.45,0.7573425984444452,7.0,0.07727985698412705,toy/proxy
Level 2 code-family proxy,stab_11_1_5_proxy,0.1077948717948718,0.1077948717948718,0,11,1,5,0.10687547979736489,0.82,0.45,0.780456072474975,11.0,0.056554787860505426,toy/proxy
Level 3 depth-sensitive proxy,stab_7_1_3_depth_proxy,0.1077948717948718,0.6803702821316537,10,7,1,3,0.9945807833417618,0.82,0.45,0.4520051101635481,7.0,0.04612297042485185,toy/proxy
Level 3 depth-sensitive proxy,stab_7_1_3_depth_proxy,0.1077948717948718,0.9673456190971103,30,7,1,3,0.9999999917506879,0.82,0.45,0.4500000030522455,7.0,0.0459183676583924,toy/proxy
Level 3 depth-sensitive proxy,stab_7_1_3_depth_proxy,0.1077948717948718,0.998933691407849,60,7,1,3,1.0,0.82,0.45,0.45,7.0,0.04591836734693877,toy/proxy
Level 2 code-family proxy,rep3_toy_proxy,0.11084615384615384,0.11084615384615384,0,3,1,3,0.0341367049421939,0.82,0.45,0.8073694191713883,3.0,0.13920162399506694,toy/proxy
Level 2 code-family proxy,stab_5_1_3_proxy,0.11084615384615384,0.11084615384615384,0,5,1,3,0.09782722400213362,0.82,0.45,0.7838039271192105,5.0,0.10048768296400136,toy/proxy
Level 2 code-family proxy,stab_7_1_3_proxy,0.11084615384615384,0.11084615384615384,0,7,1,3,0.17719718213694602,0.82,0.45,0.75443704260933,7.0,0.07698337169482958,toy/proxy
Level 2 code-family proxy,stab_11_1_5_proxy,0.11084615384615384,0.11084615384615384,0,11,1,5,0.11402451105772093,0.82,0.45,0.7778109309086432,11.0,0.056363110935408925,toy/proxy
Level 3 depth-sensitive proxy,stab_7_1_3_depth_proxy,0.11084615384615384,0.6911347037180635,10,7,1,3,0.9955315935333804,0.82,0.45,0.4516533103926493,7.0,0.04608707248904584,toy/proxy
Level 3 depth-sensitive proxy,stab_7_1_3_depth_proxy,0.11084615384615384,0.9705349391190575,30,7,1,3,0.9999999955348837,0.82,0.45,0.45000000165209303,7.0,0.04591836751551969,toy/proxy
Level 3 depth-sensitive proxy,stab_7_1_3_depth_proxy,0.11084615384615384,0.9991318101872824,60,7,1,3,1.0,0.82,0.45,0.45,7.0,0.04591836734693877,toy/proxy
Level 2 code-family proxy,rep3_toy_proxy,0.1138974358974359,0.1138974358974359,0,3,1,3,0.03596278005738465,0.82,0.45,0.8066937713787676,3.0,0.13908513299633926,toy/proxy
Level 2 code-family proxy,stab_5_1_3_proxy,0.1138974358974359,0.1138974358974359,0,5,1,3,0.1026229470835498,0.82,0.45,0.7820295095790865,5.0,0.10026019353578032,toy/proxy
Level 2 code-family proxy,stab_7_1_3_proxy,0.1138974358974359,0.1138974358974359,0,7,1,3,0.1851319059995462,0.82,0.45,0.7515011947801679,7.0,0.0766837953857314,toy/proxy
Level 2 code-family proxy,stab_11_1_5_proxy,0.1138974358974359,0.1138974358974359,0,11,1,5,0.12137363460376327,0.82,0.45,0.7750917551966076,11.0,0.056166069217145474,toy/proxy
Level 3 depth-sensitive proxy,stab_7_1_3_depth_proxy,0.1138974358974359,0.7015717496524296,10,7,1,3,0.9963201523015696,0.82,0.45,0.45136154364841924,7.0,0.046057300372287675,toy/proxy
Level 3 depth-sensitive proxy,stab_7_1_3_depth_proxy,0.1138974358974359,0.9734221529317286,30,7,1,3,0.9999999975889361,0.82,0.45,0.45000000089209363,7.0,0.04591836743796873,toy/proxy
Level 3 depth-sensitive proxy,stab_7_1_3_depth_proxy,0.1138974358974359,0.9992936180452155,60,7,1,3,1.0,0.82,0.45,0.45,7.0,0.04591836734693877,toy/proxy
Level 2 code-family proxy,rep3_toy_proxy,0.11694871794871795,0.11694871794871795,0,3,1,3,0.03783199204366223,0.82,0.45,0.806002162943845,3.0,0.1389658901627319,toy/proxy
Level 2 code-family proxy,stab_5_1_3_proxy,0.11694871794871795,0.11694871794871795,0,5,1,3,0.1074982679574259,0.82,0.45,0.7802256408557523,5.0,0.10002892831484005,toy/proxy
Level 2 code-family proxy,stab_7_1_3_proxy,0.11694871794871795,0.11694871794871795,0,7,1,3,0.19314296856578062,0.82,0.45,0.7485371016306611,7.0,0.07638133690108787,toy/proxy
Level 2 code-family proxy,stab_11_1_5_proxy,0.11694871794871795,0.11694871794871795,0,11,1,5,0.1289166021125947,0.82,0.45,0.77230085721834,11.0,0.05596383023321304,toy/proxy
Level 3 depth-sensitive proxy,stab_7_1_3_depth_proxy,0.11694871794871795,0.7116903001636228,10,7,1,3,0.9969732411255682,0.82,0.45,0.45111990078353975,7.0,0.04603264293709589,toy/proxy
Level 3 depth-sensitive proxy,stab_7_1_3_depth_proxy,0.11694871794871795,0.9760349818709239,30,7,1,3,0.9999999987011748,0.82,0.45,0.4500000004805653,7.0,0.04591836739597605,toy/proxy
Level 3 depth-sensitive proxy,stab_7_1_3_depth_proxy,0.11694871794871795,0.9994256779060731,60,7,1,3,1.0,0.82,0.45,0.45,7.0,0.04591836734693877,toy/proxy
Level 2 code-family proxy,rep3_toy_proxy,0.12,0.12,0,3,1,3,0.039744,0.82,0.45,0.80529472,3.0,0.13884391724137932,toy/proxy
Level 2 code-family proxy,stab_5_1_3_proxy,0.12,0.12,0,5,1,3,0.11245086719999997,0.82,0.45,0.7783931791359999,5.0,0.0997939973251282,toy/proxy
Level 2 code-family proxy,stab_7_1_3_proxy,0.12,0.12,0,7,1,3,0.2012249707315199,0.82,0.45,0.7455467608293376,7.0,0.07607620008462627,toy/proxy
Level 2 code-family proxy,stab_11_1_5_proxy,0.12,0.12,0,11,1,5,0.13664697437085338,0.82,0.45,0.7694406194827842,11.0,0.05575656662918726,toy/proxy
Level 3 depth-sensitive proxy,stab_7_1_3_depth_proxy,0.12,0.7214990239905978,10,7,1,3,0.9975134020458171,0.82,0.45,0.4509200412430477,7.0,0.04601224910643344,toy/proxy
Level 3 depth-sensitive proxy,stab_7_1_3_depth_proxy,0.12,0.9783986862697484,30,7,1,3,0.9999999993019886,0.82,0.45,0.45000000025826425,7.0,0.04591836737329227,toy/proxy
Level 3 depth-sensitive proxy,stab_7_1_3_depth_proxy,0.12,0.9995333832451272,60,7,1,3,1.0,0.82,0.45,0.45,7.0,0.04591836734693877,toy/proxy
