M,source_type,source_param,seed,probabilities,huffman_lengths,Lbar,support_overlap_shift,grouping_strategy,groups,payload_generation_mode,P_group_lower,P_fix_upper,P_group_sdp,P_fix_sdp,C_Huff,C_fix,M_cert,dual_feasibility_residual,primal_feasibility_residual,positive_certificate,decoding_method,result_type
4,zipf,0.8,7480,0.43113301;0.24762089;0.17902524;0.14222085,1;2;3;3,1.8901130872330654,0,random,"0,2|1,3",optimized,0.966480361022725,0.8657597712947546,0.966540735701954,0.8656983966155256,2.8901130872330656,2,-0.09847070100608929,1.2074935845790493e-05,5.22301085785875e-08,False,exact_sdp,exact
4,zipf,0.8,7480,0.43113301;0.24762089;0.17902524;0.14222085,1;2;3;3,1.8901130872330654,0,overlap_aware,"0|1,2,3",optimized,0.9393959799158,0.8657597712947546,0.939456354595029,0.8656983966155256,2.8901130872330656,2,-0.10784209246705634,1.2074935845790493e-05,5.22301085785875e-08,False,exact_sdp,exact
4,zipf,0.8,7480,0.43113301;0.24762089;0.17902524;0.14222085,1;2;3;3,1.8901130872330654,1,random,"0,2|1,3",optimized,0.9999526657337842,0.9797798369538634,0.9999999987838637,0.9797315039037838,2.8901130872330656,2,-0.14389907467534258,9.466610015912086e-06,4.1515809972866846e-08,False,exact_sdp,exact
4,zipf,0.8,7480,0.43113301;0.24762089;0.17902524;0.14222085,1;2;3;3,1.8901130872330654,1,overlap_aware,"0|1,2,3",optimized,0.9999526669499205,0.9797798369538634,1.0,0.9797315039037838,2.8901130872330656,2,-0.14389907425455062,9.466610015912086e-06,4.1515809972866846e-08,False,exact_sdp,exact
4,zipf,0.8,7511,0.43113301;0.24762089;0.17902524;0.14222085,1;2;3;3,1.8901130872330654,0,random,"2,3|0,1",optimized,0.9999420085407186,0.8918248086791645,0.9999998264310328,0.8917659907888502,2.8901130872330656,2,-0.0999252480037579,1.1563578062845728e-05,4.6793450578619845e-08,False,exact_sdp,exact
4,zipf,0.8,7511,0.43113301;0.24762089;0.17902524;0.14222085,1;2;3;3,1.8901130872330654,0,overlap_aware,"0|1,2,3",optimized,0.9394036358447833,0.891819709539094,0.939456354595027,0.8917659907888502,2.8901130872330656,2,-0.12086941258250827,1.054375004873644e-05,4.6793450578619845e-08,False,exact_sdp,exact
4,zipf,0.8,7511,0.43113301;0.24762089;0.17902524;0.14222085,1;2;3;3,1.8901130872330654,1,random,"2,3|0,1",optimized,0.9796728601730851,0.9797942687709734,0.9797346250402732,0.9797315039037853,2.8901130872330656,2,-0.15092324976458987,1.2352973437626175e-05,4.1515810325954615e-08,False,exact_sdp,exact
4,zipf,0.8,7511,0.43113301;0.24762089;0.17902524;0.14222085,1;2;3;3,1.8901130872330654,1,overlap_aware,"0|1,2,3",optimized,0.9999526669499144,0.9797798369538709,1.0,0.9797315039037853,2.8901130872330656,2,-0.1438990742545565,9.466610017119162e-06,4.1515810325954615e-08,False,exact_sdp,exact
4,zipf,1.8,7580,0.6631043;0.19042671;0.091783283;0.054685711,1;2;3;3,1.4833646919639965,0,random,"1,2|0,3",optimized,0.9645429789090816,0.9384824573233799,0.964590561051945,0.9384338751805165,2.4833646919639962,2,-0.08083956456850266,9.516428572679578e-06,3.318413637222162e-08,False,exact_sdp,exact
4,zipf,1.8,7580,0.6631043;0.19042671;0.091783283;0.054685711,1;2;3;3,1.4833646919639965,0,overlap_aware,"0|1,2,3",optimized,0.9645514477512944,0.9384743783372409,0.9645909509080188,0.9384338751805165,2.4833646919639962,2,-0.0808321148464643,7.900631344884977e-06,3.318413637222162e-08,False,exact_sdp,exact
4,zipf,1.8,7580,0.6631043;0.19042671;0.091783283;0.054685711,1;2;3;3,1.4833646919639965,1,random,"1,2|0,3",optimized,0.9999532914445466,0.9811356609301035,0.999999686423169,0.9810882659514809,2.4833646919639962,2,-0.0879071601735198,9.278995724504302e-06,2.0227803483915972e-08,False,exact_sdp,exact
4,zipf,1.8,7580,0.6631043;0.19042671;0.091783283;0.054685711,1;2;3;3,1.4833646919639965,1,overlap_aware,"0|1,2,3",optimized,0.9999993621620106,0.9810899037894704,1.0,0.9810882659514809,2.4833646919639962,2,-0.08786572987070368,1.2756759787793114e-07,3.8445403209078566e-10,False,exact_sdp,exact
4,zipf,1.8,7611,0.6631043;0.19042671;0.091783283;0.054685711,1;2;3;3,1.4833646919639965,0,random,"0,2|1,3",optimized,0.9792211907517417,0.9384882059521944,0.9792745215314838,0.9384338751724524,2.4833646919639962,2,-0.07493182418738897,1.066615594839723e-05,3.318413560029047e-08,False,exact_sdp,exact
4,zipf,1.8,7611,0.6631043;0.19042671;0.091783283;0.054685711,1;2;3;3,1.4833646919639965,0,overlap_aware,"0|1,2,3",optimized,0.9645514477513278,0.9384743783291437,0.9645909509080192,0.9384338751724524,2.4833646919639962,2,-0.08083211484240221,7.90063133826524e-06,3.318413560029047e-08,False,exact_sdp,exact
4,zipf,1.8,7611,0.6631043;0.19042671;0.091783283;0.054685711,1;2;3;3,1.4833646919639965,1,random,"0,2|1,3",optimized,0.9999997780142617,0.9810894851593873,0.9999999972221936,0.9810882659514554,2.4833646919639962,2,-0.08786535310049443,4.384158639173509e-08,9.959774451314661e-11,False,exact_sdp,exact
4,zipf,1.8,7611,0.6631043;0.19042671;0.091783283;0.054685711,1;2;3;3,1.4833646919639965,1,overlap_aware,"0|1,2,3",optimized,0.9999993621620105,0.9810899037894449,1.0,0.9810882659514554,2.4833646919639962,2,-0.08786572987069102,1.2756759791231392e-07,3.844523146770938e-10,False,exact_sdp,exact
4,dirichlet,0.5,7450,0.0016437816;0.48872377;0.24139941;0.26823304,3;1;3;2,1.754319419851122,0,random,"1,2|0,3",optimized,0.9570721457150538,0.8629751239885791,0.9570805467061853,0.8629657229974477,2.754319419851122,2,-0.08400711407776357,1.6801982262779491e-06,1.2224098108730756e-08,False,exact_sdp,exact
4,dirichlet,0.5,7450,0.0016437816;0.48872377;0.24139941;0.26823304,3;1;3;2,1.754319419851122,0,overlap_aware,"0,1|2,3",optimized,0.9256067507335275,0.8629751239885791,0.9256151517246589,0.8629657229974477,2.754319419851122,2,-0.09543113220534416,1.6801982262779491e-06,1.2224098108730756e-08,False,exact_sdp,exact
4,dirichlet,0.5,7450,0.0016437816;0.48872377;0.24139941;0.26823304,3;1;3;2,1.754319419851122,1,random,"1,2|0,3",optimized,0.9999997367620114,0.9776960351530327,0.9999999992030647,0.9776947727119794,2.754319419851122,2,-0.1257820167507792,5.2488210677653225e-08,1.7830245864012303e-09,False,exact_sdp,exact
4,dirichlet,0.5,7450,0.0016437816;0.48872377;0.24139941;0.26823304,3;1;3;2,1.754319419851122,1,overlap_aware,"0,1|2,3",optimized,0.9999866932280015,0.9777090794839779,1.0,0.9776947727119794,2.754319419851122,2,-0.12579327458122802,2.6613543997009353e-06,6.436939930429438e-09,False,exact_sdp,exact
4,dirichlet,0.5,7481,0.068772721;0.010249455;0.74822217;0.17275565,3;3;1;2,1.330800007217471,0,random,"1,2|0,3",optimized,0.9721549143006231,0.9527519595079089,0.972206389333631,0.9526994844749009,2.330800007217471,2,-0.059285319341099096,1.0295006601583077e-05,1.8939033488269058e-08,False,exact_sdp,exact
4,dirichlet,0.5,7481,0.068772721;0.010249455;0.74822217;0.17275565,3;3;1;2,1.330800007217471,0,overlap_aware,"2|0,1,3",optimized,0.972206084717851,0.9527009394492284,0.9722065396921784,0.9526994844749009,2.330800007217471,2,-0.05923785529722758,9.099486549160429e-08,3.0285032398995916e-10,False,exact_sdp,exact
4,dirichlet,0.5,7481,0.068772721;0.010249455;0.74822217;0.17275565,3;3;1;2,1.330800007217471,1,random,"1,2|0,3",optimized,0.9999727331919769,0.9821368084611587,0.9999999054367628,0.9821086362163728,2.330800007217471,2,-0.06204286360268446,5.434448957175597e-06,1.1787207071280085e-08,False,exact_sdp,exact
4,dirichlet,0.5,7481,0.068772721;0.010249455;0.74822217;0.17275565,3;3;1;2,1.330800007217471,1,overlap_aware,"2|0,1,3",optimized,0.9999991081157255,0.9821105281006474,1.0,0.9821086362163728,2.330800007217471,2,-0.06201840759796212,1.7837685491672328e-07,5.542664514301437e-10,False,exact_sdp,exact
4,near_uniform,0.04,7404,0.24603943;0.25075953;0.24497086;0.25823018,2;2;2;2,2.0,0,random,"2,3|0,1",optimized,0.9999916669337292,1.0,1.0,0.9999978058063241,3.0,2,-0.16666944435542358,1.6666132541603021e-06,6.92970739402724e-09,False,exact_sdp,exact
4,near_uniform,0.04,7404,0.24603943;0.25075953;0.24497086;0.25823018,2;2;2;2,2.0,0,overlap_aware,"2,3|0,1",optimized,0.9999916669337292,1.0,1.0,0.9999978058063241,3.0,2,-0.16666944435542358,1.6666132541603021e-06,6.92970739402724e-09,False,exact_sdp,exact
4,near_uniform,0.04,7404,0.24603943;0.25075953;0.24497086;0.25823018,2;2;2;2,2.0,1,random,"2,3|0,1",optimized,0.9999916669337466,0.5089992022310309,1.0,0.5089898691647775,3.0,2,0.07883095452906674,1.6666132506617481e-06,4.037502636729726e-09,True,exact_sdp,exact
4,near_uniform,0.04,7404,0.24603943;0.25075953;0.24497086;0.25823018,2;2;2;2,2.0,1,overlap_aware,"2,3|0,1",optimized,0.9999916669337466,0.5089992022310309,1.0,0.5089898691647775,3.0,2,0.07883095452906674,1.6666132506617481e-06,4.037502636729726e-09,True,exact_sdp,exact
4,near_uniform,0.04,7435,0.26859452;0.24001696;0.24829117;0.24309735,2;2;2;2,2.0,0,random,"1,2|0,3",optimized,0.9999867684909262,1.0,1.0,0.9999974286166967,3.0,2,-0.16667107716969126,2.6463018147601646e-06,1.2024561472450671e-08,False,exact_sdp,exact
4,near_uniform,0.04,7435,0.26859452;0.24001696;0.24829117;0.24309735,2;2;2;2,2.0,0,overlap_aware,"0,1|2,3",optimized,0.9999854190802616,1.0,1.0,0.9999974286166967,3.0,2,-0.1666715269732461,2.916183947671524e-06,1.2024561472450671e-08,False,exact_sdp,exact
4,near_uniform,0.04,7435,0.26859452;0.24001696;0.24829117;0.24309735,2;2;2;2,2.0,1,random,"1,2|0,3",optimized,0.5168587273651523,0.5169184771146739,0.5168856599316066,0.5168905445482195,3.0,2,-0.08617299610228618,5.386513290877089e-06,2.1160040289849538e-08,False,exact_sdp,exact
4,near_uniform,0.04,7435,0.26859452;0.24001696;0.24829117;0.24309735,2;2;2;2,2.0,1,overlap_aware,"0,1|2,3",optimized,0.9999730674335456,0.5169184771146739,1.0,0.5168905445482195,3.0,2,0.07486511725384493,5.386513290877089e-06,2.1160040289849538e-08,True,exact_sdp,exact
4,strong_skew,0.75,7475,0.75;0.083333333;0.083333333;0.083333333,1;3;3;2,1.4166666666666665,0,random,"0,1|2,3",optimized,0.980743011322938,0.9580566180642833,0.9808075324846002,0.9579910969026211,2.4166666666666665,2,-0.07320361469161557,1.2904232332447067e-05,5.0352382586657854e-08,False,exact_sdp,exact
4,strong_skew,0.75,7475,0.75;0.083333333;0.083333333;0.083333333,1;3;3;2,1.4166666666666665,0,overlap_aware,"0|1,2,3",optimized,0.9999354788383378,0.9580566180642833,1.0,0.9579910969026211,2.4166666666666665,2,-0.06526190399558807,1.2904232332447067e-05,5.0352382586657854e-08,False,exact_sdp,exact
4,strong_skew,0.75,7475,0.75;0.083333333;0.083333333;0.083333333,1;3;3;2,1.4166666666666665,1,random,"0,1|2,3",optimized,0.9807598619920197,0.9697449199697312,0.9808075324845983,0.9696962494771526,2.4166666666666665,2,-0.07904079295368505,9.534098515724796e-06,1.8482382538278376e-08,False,exact_sdp,exact
4,strong_skew,0.75,7475,0.75;0.083333333;0.083333333;0.083333333,1;3;3;2,1.4166666666666665,1,overlap_aware,"0|1,2,3",optimized,0.9999998037781554,0.9696974456989972,1.0,0.9696962494771526,2.4166666666666665,2,-0.07105570059646871,3.9244368906732037e-08,1.7116193845034988e-10,False,exact_sdp,exact
4,strong_skew,0.75,7506,0.75;0.083333333;0.083333333;0.083333333,1;3;3;2,1.4166666666666665,0,random,"1,3|0,2",optimized,0.9807430113229376,0.9580566180642787,0.9808075324845984,0.9579910969026179,2.4166666666666665,2,-0.0732036146916134,1.290423233215341e-05,5.0352382561411256e-08,False,exact_sdp,exact
4,strong_skew,0.75,7506,0.75;0.083333333;0.083333333;0.083333333,1;3;3;2,1.4166666666666665,0,overlap_aware,"0|1,2,3",optimized,0.9999354788383392,0.9580566180642787,1.0,0.9579910969026179,2.4166666666666665,2,-0.06526190399558512,1.290423233215341e-05,5.0352382561411256e-08,False,exact_sdp,exact
4,strong_skew,0.75,7506,0.75;0.083333333;0.083333333;0.083333333,1;3;3;2,1.4166666666666665,1,random,"1,3|0,2",optimized,0.999997465230386,0.9696997823408754,0.9999999980941199,0.9696962494771415,2.4166666666666665,2,-0.07105783659234688,5.065727467720347e-07,1.4560518009395404e-09,False,exact_sdp,exact
4,strong_skew,0.75,7506,0.75;0.083333333;0.083333333;0.083333333,1;3;3;2,1.4166666666666665,1,overlap_aware,"0|1,2,3",optimized,0.999999803778162,0.9696974456989795,1.0,0.9696962494771415,2.4166666666666665,2,-0.07105570059645722,3.924436758966592e-08,1.7116193247051764e-10,False,exact_sdp,exact
8,zipf,0.8,7880,0.30919548;0.17758617;0.12839146;0.10199647;0.085321236;0.07374153;0.065186057;0.05858159,2;2;3;3;4;4;4;4,2.7960487561691467,1,overlap_aware,"0|1,4,6|2,3,5,7",optimized,,,0.9963783934776926,0.9885526240578593,4.796048756169147,3,,,,False,pgm_approx,approximate
8,zipf,1.8,7980,0.60357403;0.17333112;0.083543427;0.049776294;0.03331076;0.023991549;0.018178334;0.014294487,1;2;3;5;5;5;6;6,1.9310964893130511,1,overlap_aware,"0|1,6|2,3,4,5,7",optimized,,,0.9961633761676026,0.9924814147971509,3.931096489313051,3,,,,False,pgm_approx,approximate
8,dirichlet,0.5,7850,0.2329949;0.04900674;0.16179082;0.2460346;0.075514625;0.087844552;0.079342284;0.06747148,2;4;3;2;4;3;4;4,2.7923056279045446,1,overlap_aware,"3,4|0,1,6|2,5,7",optimized,,,0.9963026642867093,0.9862665820526043,4.792305627904545,3,,,,False,pgm_approx,approximate
8,near_uniform,0.04,7804,0.12623308;0.12092289;0.12177654;0.12837777;0.12700572;0.12504453;0.12360572;0.12703375,3;3;3;3;3;3;3;3,3.0000000000000004,1,overlap_aware,"2,3,6|1,5,7|0,4",optimized,,,1.0,1.0,5.0,3,,,,False,pgm_approx,approximate
8,strong_skew,0.75,7875,0.75;0.035714286;0.035714286;0.035714286;0.035714286;0.035714286;0.035714286;0.035714286,1;4;4;4;4;4;4;3,1.714285714285714,1,overlap_aware,"0|1,3,5,7|2,4,6",optimized,,,0.9999999999999999,0.9920826821544738,3.714285714285714,3,,,,False,pgm_approx,approximate
