M,source_type,grouping_strategy,baseline_type,result_type,eta_mean,eta_std,eta_min,eta_max,M_res_mean,M_res_std,M_res_min,M_res_max,r_res_pos,P_group_mean,P_base_mean,r_cert_pos
4,dirichlet,overlap_aware,equal_support,approximate,0.09989861574211088,8.831000899821935e-05,0.0998361711359016,0.09996106034832017,-4.001013842578891,0.0008831000899823898,-4.001638288640984,-4.000389396516798,0.0,1.0,1.0,
4,dirichlet,overlap_aware,pgm_fixed_global,approximate,0.10522956412128731,0.0029625822978962576,0.10313470208862165,0.10732442615395299,-3.6840806550070466,0.09892974848310643,-3.754034551020531,-3.614126758993563,0.0,0.9926626125686036,0.9920031466462638,
4,dirichlet,overlap_aware,random_support,approximate,0.104992451624324,0.003580263880400479,0.10246082275605556,0.10752408049259245,-3.6336624613682185,0.07347319881673128,-3.6856158584869965,-3.58170906424944,0.0,0.990341396159254,0.9808925827864875,
4,dirichlet,probability_aware,pgm_fixed_global,approximate,0.10522956412128731,0.0029625822978962576,0.10313470208862165,0.10732442615395299,-3.6840806550070466,0.09892974848310643,-3.754034551020531,-3.614126758993563,0.0,0.9926626125686036,0.9920031466462638,
4,dirichlet,random,pgm_fixed_global,approximate,0.10599113707101177,0.0025648353937340264,0.10417752457147517,0.10780474957054836,-3.676857515523435,0.09501325313153852,-3.74404203111534,-3.6096729999315302,0.0,0.9999997985595832,0.9920031466462638,
4,near_uniform,overlap_aware,equal_support,approximate,0.09961438031201406,,0.09961438031201406,0.09961438031201406,-4.00385619687986,,-4.00385619687986,-4.00385619687986,0.0,0.9999999999999999,1.0,
4,near_uniform,overlap_aware,pgm_fixed_global,approximate,0.09961438031201404,,0.09961438031201404,0.09961438031201404,-4.00385619687986,,-4.00385619687986,-4.00385619687986,0.0,0.9999999999999998,1.0,
4,near_uniform,overlap_aware,random_support,approximate,0.09630016628554515,,0.09630016628554515,0.09630016628554515,-3.671267877036354,,-3.671267877036354,-3.671267877036354,0.0,0.9665954155003971,0.9268539079783611,
4,near_uniform,probability_aware,pgm_fixed_global,approximate,0.09961438031201404,,0.09961438031201404,0.09961438031201404,-4.00385619687986,,-4.00385619687986,-4.00385619687986,0.0,0.9999999999999998,1.0,
4,near_uniform,random,pgm_fixed_global,approximate,0.09961438031201404,,0.09961438031201404,0.09961438031201404,-4.00385619687986,,-4.00385619687986,-4.00385619687986,0.0,0.9999999999999998,1.0,
4,strong_skew,overlap_aware,equal_support,approximate,0.099869057776128,,0.099869057776128,0.099869057776128,-4.0013094222387195,,-4.0013094222387195,-4.0013094222387195,0.0,1.0,1.0,
4,strong_skew,overlap_aware,pgm_fixed_global,approximate,0.10605563657641912,,0.10605563657641912,0.10605563657641912,-3.6817192850622456,,-3.6817192850622456,-3.6817192850622456,0.0,1.0,0.9940693513961472,
4,strong_skew,overlap_aware,random_support,approximate,0.10605563657641912,,0.10605563657641912,0.10605563657641912,-3.6708714589497675,,-3.6708714589497675,-3.6708714589497675,0.0,1.0,0.9917653883280102,
4,strong_skew,probability_aware,pgm_fixed_global,approximate,0.10605563657641912,,0.10605563657641912,0.10605563657641912,-3.6817192850622456,,-3.6817192850622456,-3.6817192850622456,0.0,1.0,0.9940693513961472,
4,strong_skew,random,pgm_fixed_global,approximate,0.10543085083873815,,0.10543085083873815,0.10543085083873815,-3.6876026840920746,,-3.6876026840920746,-3.6876026840920746,0.0,0.9940700118197797,0.9940693513961472,
4,zipf,overlap_aware,equal_support,approximate,0.09977562158276616,0.00013082016830314824,0.09964265906772443,0.09990418861667902,-4.002243784172339,0.0013082016830316366,-4.0035734093227555,-4.00095811383321,0.0,1.0,1.0,
4,zipf,overlap_aware,pgm_fixed_global,approximate,0.10182952255287574,0.0030371955630121893,0.09964265906772443,0.10529735484316124,-3.838758452133972,0.16411438842212892,-4.003573409322755,-3.675353721102759,0.0,0.9934093832596959,0.991731465316987,
4,zipf,overlap_aware,random_support,approximate,0.10061355729945493,0.004945525821524924,0.09640559902066866,0.10606089418135264,-3.609123227660458,0.19412235906542064,-3.772460689341232,-3.3945103525417863,0.0,0.981083441463654,0.9432227660018184,
4,zipf,probability_aware,pgm_fixed_global,approximate,0.10182952255287574,0.0030371955630121893,0.09964265906772443,0.10529735484316124,-3.838758452133972,0.16411438842212892,-4.003573409322755,-3.675353721102759,0.0,0.9934093832596959,0.991731465316987,
4,zipf,random,pgm_fixed_global,approximate,0.10182952255287574,0.003037195563012179,0.09964265906772443,0.10529735484316122,-3.838758452133972,0.16411438842212892,-4.003573409322755,-3.675353721102759,0.0,0.9934093832596957,0.991731465316987,
8,dirichlet,overlap_aware,equal_support,approximate,0.0831419382926993,0.00010598913796334385,0.0830669926545133,0.08321688393088529,-3.0022967404876084,0.0012718696555601263,-3.0031960881458404,-3.0013973928293765,0.0,1.0,1.0,
8,dirichlet,overlap_aware,pgm_fixed_global,approximate,0.0864109870303515,0.003440882370521824,0.08397791577289027,0.08884405828781271,-2.792578627571273,0.08125462783150608,-2.85003432591372,-2.7351229292288255,0.0,0.9981145836335883,0.9857621622839865,
8,dirichlet,overlap_aware,random_support,approximate,0.08634794711671281,0.0035524413453476207,0.08383599175165005,0.08885990248177557,-2.7782293510629557,0.07968196542894705,-2.834573009156036,-2.721885692969875,0.0,0.9973576229993403,0.9818454773549536,
8,dirichlet,probability_aware,pgm_fixed_global,approximate,0.08623156188437285,0.0036946278453955784,0.083619065480933,0.08884405828781271,-2.7947024657693786,0.08425818861555365,-2.854282002309932,-2.7351229292288255,0.0,0.9959739272974101,0.9857621622839865,
8,dirichlet,random,pgm_fixed_global,approximate,0.08612760022058583,0.00373504818828028,0.08348652231859431,0.08876867812257734,-2.795910136711713,0.08476904459028477,-2.8558509029762082,-2.7359693704472177,0.0,0.9952967115563822,0.9857621622839865,
8,near_uniform,overlap_aware,equal_support,approximate,0.08293312357707493,,0.08293312357707493,0.08293312357707493,-3.0048025170751007,,-3.0048025170751007,-3.0048025170751007,0.0,0.9999999999999998,1.0,
8,near_uniform,overlap_aware,pgm_fixed_global,approximate,0.08293312357707493,,0.08293312357707493,0.08293312357707493,-3.0048025170751003,,-3.0048025170751003,-3.0048025170751003,0.0,0.9999999999999998,0.9999999999999999,
8,near_uniform,overlap_aware,random_support,approximate,0.08159553678402287,,0.08159553678402287,0.08159553678402287,-2.6718279822086943,,-2.6718279822086943,-2.6718279822086943,0.0,0.9838218543411332,0.9127436059042422,
8,near_uniform,probability_aware,pgm_fixed_global,approximate,0.08293312357707493,,0.08293312357707493,0.08293312357707493,-3.0048025170751003,,-3.0048025170751003,-3.0048025170751003,0.0,0.9999999999999998,0.9999999999999999,
8,near_uniform,random,pgm_fixed_global,approximate,0.08292931506675637,,0.08292931506675637,0.08292931506675637,-3.004848219198923,,-3.004848219198923,-3.004848219198923,0.0,0.9999999999999997,0.9999999999999999,
8,strong_skew,overlap_aware,equal_support,approximate,0.08321642063344761,,0.08321642063344761,0.08321642063344761,-3.001402952398627,,-3.001402952398627,-3.001402952398627,0.0,0.9999999999999999,0.9999999999999998,
8,strong_skew,overlap_aware,pgm_fixed_global,approximate,0.09320239110946134,,0.09320239110946134,0.09320239110946134,-2.5320880781365327,,-2.5320880781365327,-2.5320880781365327,0.0,0.9999999999999999,0.9885918352066132,
8,strong_skew,overlap_aware,random_support,approximate,0.09320239110946134,,0.09320239110946134,0.09320239110946134,-2.4896631640535856,,-2.4896631640535856,-2.4896631640535856,0.0,0.9999999999999999,0.976712859263388,
8,strong_skew,probability_aware,pgm_fixed_global,approximate,0.09320239110946134,,0.09320239110946134,0.09320239110946134,-2.5320880781365327,,-2.5320880781365327,-2.5320880781365327,0.0,0.9999999999999999,0.9885918352066132,
8,strong_skew,random,pgm_fixed_global,approximate,0.09287098740080231,,0.09287098740080231,0.09287098740080231,-2.5356388321578796,,-2.5356388321578796,-2.5356388321578796,0.0,0.9964211284547075,0.9885918352066132,
8,zipf,overlap_aware,equal_support,approximate,0.08311452720130469,0.0001504663612554198,0.08296127718471524,0.08326204614573605,-3.002625673584344,0.0018055963350650235,-3.004464673783417,-3.000855446251167,0.0,1.0,1.0,
8,zipf,overlap_aware,pgm_fixed_global,approximate,0.08680639008379602,0.004924370602903398,0.08296127718471526,0.09235672215067152,-2.813742927041716,0.21860090509718402,-3.004464673783417,-2.5751854503621487,0.0,0.9973291682989801,0.9949020062551547,
8,zipf,overlap_aware,random_support,approximate,0.08634141840106187,0.005612581750092031,0.08170802740553405,0.09258237686317812,-2.6066501460379574,0.1443234730747095,-2.7648690612128117,-2.482215794175799,0.0,0.9916512419093971,0.9414920902173779,
8,zipf,probability_aware,pgm_fixed_global,approximate,0.08680639008379602,0.004924370602903398,0.08296127718471526,0.09235672215067152,-2.813742927041716,0.21860090509718402,-3.004464673783417,-2.5751854503621487,0.0,0.9973291682989801,0.9949020062551547,
8,zipf,random,pgm_fixed_global,approximate,0.08697110740380058,0.005021557542398921,0.0829530340459221,0.0926005522116189,-2.811893874592132,0.21974982472832574,-3.004563591448935,-2.5725598181839184,0.0,0.9993910361789963,0.9949020062551547,
16,dirichlet,overlap_aware,equal_support,approximate,0.07656049323484573,3.155413816240158e-05,0.07652426541092255,0.07659827335776909,-2.2547135879470055,0.00041020379611129645,-2.255184549658007,-2.2542224463490017,0.0,0.9999999999999999,1.0,
16,dirichlet,overlap_aware,pgm_fixed_global,approximate,0.07728825363476727,0.0004974919715286682,0.0767744409170502,0.07785210295666273,-2.158696108264476,0.0068268853978306,-2.1674441573371035,-2.1528530477324965,0.0,0.9994140036378796,0.980080443303607,
16,dirichlet,overlap_aware,random_support,approximate,0.07715546153788408,0.0005947129817239281,0.07665561757539943,0.07785412643128449,-2.1167112391505727,0.045238583126494904,-2.163769544579083,-2.0678461454918473,0.0,0.9976854126363732,0.9665608638715696,
16,dirichlet,probability_aware,pgm_fixed_global,approximate,0.0771552111527821,0.0005521880841430961,0.07659353969875664,0.07778917390594693,-2.1604120108358287,0.0063975631582719305,-2.1682477749096836,-2.1551800080911727,0.0,0.9976845132676121,0.980080443303607,
16,dirichlet,random,pgm_fixed_global,approximate,0.07704445557856657,0.0006769971377110038,0.07646901947307509,0.07782195925015621,-2.1618452361194294,0.0065578188011407934,-2.167829098981317,-2.1555650207005286,0.0,0.9963474386027034,0.980080443303607,
16,near_uniform,overlap_aware,equal_support,approximate,0.07648008039019656,9.060000574405217e-06,0.07647367400235285,0.07648648677804028,-2.255758954927444,0.00011778000746766033,-2.2558422379694125,-2.2556756718854754,0.0,0.9999999999999997,0.9999999999999998,
16,near_uniform,overlap_aware,pgm_fixed_global,approximate,0.07648008039019656,9.060000574405217e-06,0.07647367400235285,0.07648648677804028,-2.255758954927444,0.00011778000746781734,-2.255842237969413,-2.2556756718854754,0.0,0.9999999999999998,0.9999999999999999,
16,near_uniform,overlap_aware,random_support,approximate,0.07617606765617473,0.00042087893101341894,0.07587846130999659,0.07647367400235286,-1.825588723099616,0.06530295489679637,-1.87176488533866,-1.779412560860572,0.0,0.9960165382573585,0.866423877732273,
16,near_uniform,probability_aware,pgm_fixed_global,approximate,0.07648008039019656,9.060000574405217e-06,0.07647367400235285,0.07648648677804028,-2.255758954927444,0.00011778000746781734,-2.255842237969413,-2.2556756718854754,0.0,0.9999999999999998,0.9999999999999999,
16,near_uniform,random,pgm_fixed_global,approximate,0.07647903172185117,8.562590882721296e-06,0.07647297705577347,0.07648508638792886,-2.2557725876159345,0.00011131368147604413,-2.255851298274945,-2.255693876956924,0.0,1.0,0.9999999999999999,
16,strong_skew,overlap_aware,equal_support,approximate,0.07681832314397932,6.0836437588906074e-05,0.07675385927991926,0.07687472902503188,-2.2513617991282686,0.0007908736886562293,-2.2521998293610497,-2.2506285226745852,0.0,1.0,0.9999999999999999,
16,strong_skew,overlap_aware,pgm_fixed_global,approximate,0.09215046785155,0.004241755167464056,0.08770584564655293,0.09615504913329836,-1.705219192147372,0.1202999915411489,-1.8336913436523194,-1.5952308740392729,0.0,1.0,0.9966528620999876,
16,strong_skew,overlap_aware,random_support,approximate,0.09193762956549462,0.004330137594653519,0.08743322503645941,0.09606941861112583,-1.654832094530813,0.07804593456646856,-1.7348974674597883,-1.5789759528217295,0.0,0.9976432804346153,0.9776738261943257,
16,strong_skew,probability_aware,pgm_fixed_global,approximate,0.09215046785155,0.004241755167464056,0.08770584564655293,0.09615504913329836,-1.705219192147372,0.1202999915411489,-1.8336913436523194,-1.5952308740392729,0.0,1.0,0.9966528620999876,
16,strong_skew,random,pgm_fixed_global,approximate,0.09210889002780583,0.00427455305263129,0.08761464723196062,0.09612325223239701,-1.7056814450340216,0.12070194556010473,-1.8347288776156643,-1.5955613498293075,0.0,0.9995340866495357,0.9966528620999876,
16,zipf,overlap_aware,equal_support,approximate,0.07669710232536081,0.00015569782249723964,0.07650656145634518,0.07686176442256663,-2.2529376697703096,0.0020240716924639105,-2.2554147010675125,-2.250797062506634,0.0,1.0,1.0,
16,zipf,overlap_aware,pgm_fixed_global,approximate,0.08243148526900473,0.006314596495884187,0.07650656145634518,0.09062357092902155,-2.0156579043999185,0.2226589335196341,-2.2554147010675125,-1.7465220501552428,0.0,0.9990581107169358,0.9927633152099942,
16,zipf,overlap_aware,random_support,approximate,0.08234012166711213,0.006482761867721702,0.07592924686898714,0.09066142955774494,-1.8882615911403497,0.16656619812772328,-2.092466740649349,-1.7508031263364945,0.0,0.9978267211342094,0.9533438435165692,
16,zipf,probability_aware,pgm_fixed_global,approximate,0.08243148526900473,0.006314596495884187,0.07650656145634518,0.09062357092902155,-2.0156579043999185,0.2226589335196341,-2.2554147010675125,-1.7465220501552428,0.0,0.9990581107169358,0.9927633152099942,
16,zipf,random,pgm_fixed_global,approximate,0.08236206308249883,0.006306804962408674,0.07650119087988651,0.09065343292927024,-2.0164906416302038,0.22240163415740194,-2.2554845185614756,-1.746193069462743,0.0,0.9987478053108666,0.9927633152099942,
32,dirichlet,overlap_aware,equal_support,approximate,0.06632489895055402,2.487551424652397e-05,0.06629646173481402,0.06634784240080624,-2.0051265157416895,0.0003731327136981459,-2.0055530739777896,-2.004782363987905,0.0,0.9999999999999999,0.9999999999999999,
32,dirichlet,overlap_aware,pgm_fixed_global,approximate,0.06719275890537615,0.0005641495352562565,0.06662220661163985,0.06775545906273649,-1.9200719051400132,0.013690364315299575,-1.9357933980000772,-1.9024177220260627,0.0,0.9998880987643508,0.9844190540584807,
32,dirichlet,overlap_aware,random_support,approximate,0.06704720005517839,0.0006439432958374413,0.06636516241383503,0.06772393174076138,-1.8882686032611185,0.042705453938598405,-1.925619747067017,-1.8308104449749285,0.0,0.997708901919384,0.9730142018089908,
32,dirichlet,probability_aware,pgm_fixed_global,approximate,0.06715651420563931,0.0006072506619997322,0.06653253703772001,0.06775545906273649,-1.9206123752406505,0.014019999085859465,-1.9366168112956734,-1.9024177220260627,0.0,0.9993433488175442,0.9844190540584807,
32,dirichlet,random,pgm_fixed_global,approximate,0.06708184965401313,0.0006658458215218114,0.06642529541790351,0.06771802003972335,-1.9217229739715849,0.01491409835312664,-1.9388649677654426,-1.9024614087506357,0.0,0.9984374177876589,0.9844190540584807,
32,near_uniform,overlap_aware,equal_support,approximate,0.06624812758573863,5.977049682406381e-06,0.06624390117337671,0.06625235399810055,-2.0062780862139196,8.965574523633123e-05,-2.006341482399349,-2.0062146900284907,0.0,0.9999999999999998,0.9999999999999998,
32,near_uniform,overlap_aware,pgm_fixed_global,approximate,0.06624812758573863,5.977049682426008e-06,0.0662439011733767,0.06625235399810056,-2.0062780862139196,8.965574523633123e-05,-2.006341482399349,-2.0062146900284907,0.0,0.9999999999999998,0.9999999999999998,
32,near_uniform,overlap_aware,random_support,approximate,0.06598009140726843,1.4997493120450654e-05,0.06596948657818216,0.0659906962363547,-1.4895048284571268,0.07737681900409292,-1.544218501881565,-1.4347911550326886,0.0,0.9959476196613356,0.8264020665220512,
32,near_uniform,probability_aware,pgm_fixed_global,approximate,0.06624812758573863,5.977049682426008e-06,0.0662439011733767,0.06625235399810056,-2.0062780862139196,8.965574523633123e-05,-2.006341482399349,-2.0062146900284907,0.0,0.9999999999999998,0.9999999999999998,
32,near_uniform,random,pgm_fixed_global,approximate,0.06624732987107218,5.146281703112901e-06,0.06624369090038201,0.06625096884176235,-2.0062900519339166,7.7194225546615e-05,-2.0063446364942688,-2.006235467373564,0.0,0.9999999999999998,0.9999999999999998,
32,strong_skew,overlap_aware,equal_support,approximate,0.06657148715770164,5.5276118024332865e-05,0.0665129151521847,0.06662273766252896,-2.001427692634475,0.0008291417703649369,-2.002306272717229,-2.0006589350620656,0.0,1.0,1.0,
32,strong_skew,overlap_aware,pgm_fixed_global,approximate,0.0828372420329585,0.004318047228341696,0.07831984184797643,0.08692360553612785,-1.4121307823591798,0.1232882847221359,-1.5427128252063247,-1.2977352935815443,0.0,1.0,0.9981425366373179,
32,strong_skew,overlap_aware,random_support,approximate,0.08280097615479355,0.0042969276115276175,0.07831984184797643,0.08688630979529699,-1.3774255362778849,0.10944171149155552,-1.4921644423770795,-1.2741896926511882,0.0,0.9995678238831758,0.9837624246642704,
32,strong_skew,probability_aware,pgm_fixed_global,approximate,0.0828372420329585,0.004318047228341696,0.07831984184797643,0.08692360553612785,-1.4121307823591798,0.1232882847221359,-1.5427128252063247,-1.2977352935815443,0.0,1.0,0.9981425366373179,
32,strong_skew,random,pgm_fixed_global,approximate,0.0828108900894002,0.004339962517137261,0.07827352332041862,0.08692199084054889,-1.4124580732142291,0.12356766246647226,-1.543302863481569,-1.2977538573720069,0.0,0.9996701174113642,0.9981425366373179,
32,zipf,overlap_aware,equal_support,approximate,0.06646418610556903,0.00015616541842201104,0.0662731905790138,0.0666268272430897,-2.003037208416464,0.002342481276330514,-2.0059021413147926,-2.0005975913536536,0.0,0.9999999999999998,0.9999999999999999,
32,zipf,overlap_aware,pgm_fixed_global,approximate,0.07288039425077639,0.007068369243208164,0.0662731905790138,0.08203335512910692,-1.7404527765940836,0.24947623384066617,-2.0059021413147926,-1.4335357972202325,0.0,0.9995730736708343,0.9942988132583157,
32,zipf,overlap_aware,random_support,approximate,0.07286949048690712,0.007080864735181938,0.0662731905790138,0.08204471477553629,-1.6120752786688262,0.13988281454075277,-1.7660747603864615,-1.436200847615837,0.0,0.9994105577950589,0.9513205893256602,
32,zipf,probability_aware,pgm_fixed_global,approximate,0.07287636077048446,0.007066983957879037,0.0662731905790138,0.08203335512910692,-1.7405066565797487,0.24945258313759283,-2.0059021413147926,-1.4335357972202325,0.0,0.9995187670231764,0.9942988132583157,
32,zipf,random,pgm_fixed_global,approximate,0.07281878397676708,0.007042655368480608,0.0662698069079692,0.08200514991576778,-1.7412721697205018,0.2490849446761302,-2.0059528963804616,-1.4338793645274617,0.0,0.9992670472314357,0.9942988132583157,
64,dirichlet,overlap_aware,equal_support,approximate,0.06213128290558819,1.6887379556905084e-05,0.062112393544000076,0.06215224379979393,-1.6725661401772554,0.000270198072910412,-1.6728683699626652,-1.6722307658699638,0.0,0.9999999999999999,1.0,
64,dirichlet,overlap_aware,pgm_fixed_global,approximate,0.0628006812789224,0.00031724357208810425,0.062453612973818906,0.06311074058900151,-1.6017296912610046,0.004060933103676422,-1.6064684543000713,-1.59661464789089,0.0,0.9998566843726896,0.9840130548488637,
64,dirichlet,overlap_aware,random_support,approximate,0.06271793421473605,0.0003447476034822339,0.06235303075803902,0.0630703945408719,-1.5912350548009349,0.009697399917944636,-1.6010417395798116,-1.5794354374869402,0.0,0.9985350035589491,0.9795468450085555,
64,dirichlet,probability_aware,pgm_fixed_global,approximate,0.06279224992192442,0.0003199788692994713,0.062453612973818906,0.06311074058900151,-1.601863301327353,0.003960192866339548,-1.606617840407015,-1.5969997020493394,0.0,0.9997220162819845,0.9840130548488637,
64,dirichlet,random,pgm_fixed_global,approximate,0.06267166414280685,0.00035549172180464187,0.062297328493661805,0.06302376163328989,-1.6037739541858862,0.003709353912450566,-1.6080865389735228,-1.599317030061988,0.0,0.9978700959531384,0.9840130548488637,
64,near_uniform,overlap_aware,equal_support,approximate,0.06207561607534395,4.859240361422859e-06,0.062072180073532976,0.06207905207715493,-1.673456809461163,7.774784578307976e-05,-1.673511785490139,-1.6734018334321872,0.0,0.9999999999999998,0.9999999999999999,
64,near_uniform,overlap_aware,pgm_fixed_global,approximate,0.06207561607534395,4.859240361430218e-06,0.062072180073532976,0.06207905207715494,-1.6734568094611628,7.774784578315827e-05,-1.673511785490139,-1.673401833432187,0.0,0.9999999999999998,0.9999999999999999,
64,near_uniform,overlap_aware,random_support,approximate,0.06207561607534395,4.859240361442485e-06,0.06207218007353296,0.062079052077154945,-1.305445132663114,0.06661777743665921,-1.352551014836152,-1.2583392504900761,0.0,0.9999999999999998,0.8619956212007315,
64,near_uniform,probability_aware,pgm_fixed_global,approximate,0.06207561607534395,4.859240361430218e-06,0.062072180073532976,0.06207905207715494,-1.6734568094611628,7.774784578315827e-05,-1.673511785490139,-1.673401833432187,0.0,0.9999999999999998,0.9999999999999999,
64,near_uniform,random,pgm_fixed_global,approximate,0.06207512613263732,4.345538214928104e-06,0.06207205337309764,0.062078198892177,-1.6734646485444693,6.952861143924219e-05,-1.6735138126971043,-1.673415484391834,0.0,0.9999999999999998,0.9999999999999999,
64,strong_skew,overlap_aware,equal_support,approximate,0.06240543061609244,5.4921783934422875e-05,0.06234723407214933,0.062456352592042644,-1.6681797768091873,0.0008787485429509885,-1.6691109215122772,-1.6673650251939838,0.0,0.9999999999999999,0.9999999999999999,
64,strong_skew,overlap_aware,pgm_fixed_global,approximate,0.08140470563767527,0.005004971790561227,0.07618160124216804,0.08615848284217735,-1.0483631808126253,0.12483146510084916,-1.1806053475491007,-0.9325741834368899,0.0,0.9999999999999999,0.9987700606136842,
64,strong_skew,overlap_aware,random_support,approximate,0.08138957983586378,0.005010534442032655,0.07615441488919307,0.08614029178971788,-1.0111579441124159,0.1007577685348734,-1.1150474391714886,-0.9138550933111896,0.0,0.9998095109085776,0.9809554248587725,
64,strong_skew,probability_aware,pgm_fixed_global,approximate,0.08140470563767527,0.005004971790561227,0.07618160124216804,0.08615848284217735,-1.0483631808126253,0.12483146510084916,-1.1806053475491007,-0.9325741834368899,0.0,0.9999999999999999,0.9987700606136842,
64,strong_skew,random,pgm_fixed_global,approximate,0.08139536554739618,0.00500306035327075,0.07617769870468315,0.0861518901563561,-1.0484769528779725,0.12480901202975304,-1.1806564491093892,-0.9326506481278356,0.0,0.9998853270024132,0.9987700606136842,
64,zipf,overlap_aware,equal_support,approximate,0.062297648601500194,0.00016543213025800363,0.06209759755684749,0.062469259474734584,-1.6699042890426634,0.0026469140841280207,-1.6731051057571067,-1.6671585150709132,0.0,0.9999999999999999,1.0,
64,zipf,overlap_aware,pgm_fixed_global,approximate,0.07018428232860463,0.008649060743525727,0.06211209060030003,0.08137520797264744,-1.3610478028877107,0.24757436585191783,-1.5880840103405882,-1.0449353593219257,0.0,0.9997920073878763,0.9866426873590516,
64,zipf,overlap_aware,random_support,approximate,0.07014142487082456,0.008699138382745757,0.061995677354232316,0.08138755608781816,-1.3445101959974448,0.2254822978636684,-1.528692879759348,-1.0469126613410702,0.0,0.9991077036754372,0.9802739845138362,
64,zipf,probability_aware,pgm_fixed_global,approximate,0.07017492433755705,0.008660718255105898,0.062074658636109684,0.08137520797264744,-1.3611974958074362,0.24775751214900743,-1.5886827820194904,-1.0449353593219257,0.0,0.9996411290877416,0.9866426873590516,
64,zipf,random,pgm_fixed_global,approximate,0.07008172374355447,0.008733820114175986,0.06189231887133243,0.08135715032919412,-1.3626283680554925,0.24895051017899453,-1.5915995375103624,-1.0451571170173115,0.0,0.9985813485338516,0.9866426873590516,
