M,s,entropy,Lbar,n_fix,G_comp,eta_Huff,eta_fix,P_full,P_fix,C_A,C_QEC,P_group_Huff,P_group_fix,baseline_type
8,0.0,3.0,3.0,3,0.0,0.07050824561789772,0.07050824561789772,0.7755907017968748,0.7755907017968748,1,7.0,0.8,0.8,fixed_length_grouped
8,0.1,2.9967706826474876,3.0,3,0.0,0.07051292137319698,0.07051105107107727,0.7756421351051668,0.77562156178185,1,7.0,0.8000538219558753,0.8000322931735252,fixed_length_grouped
8,0.2,2.9866758142963876,3.0,3,0.0,0.07052753781656117,0.0705198209370958,0.7758029159821729,0.7757180303080538,1,7.0,0.8002220697617269,0.8001332418570362,fixed_length_grouped
8,0.30000000000000004,2.9691614649918847,3.0000000000000004,3,-4.440892098500626e-16,0.07055289698775255,0.07053503643981061,0.776081866865278,0.7758854008379168,1,7.0,0.8005139755834686,0.8003083853500812,fixed_length_grouped
8,0.4,2.9437736377303043,2.9783879855313993,3,0.021612014468600727,0.07080386793097847,0.07055709198683129,0.7773123330226059,0.7761280118551441,1,7.0,0.8018015866165723,0.800562263622697,fixed_length_grouped
8,0.5,2.9101879590670157,2.938582633425918,3,0.06141736657408181,0.07124952369985146,0.07058626937595354,0.7793688025830636,0.776448963135489,1,7.0,0.8039535620118464,0.8008981204093298,fixed_length_grouped
8,0.6000000000000001,2.8682357998811776,2.89785551599768,3,0.10214448400232001,0.07171995977841385,0.07062271510287649,0.7815937592783191,0.7768498661316414,1,7.0,0.8062818493620733,0.8013176420011883,fixed_length_grouped
8,0.7000000000000001,2.817924275735508,2.854706376176778,3,0.14529362382322208,0.07223082869321543,0.07066642298599085,0.7840444367727781,0.7773306528458994,1,7.0,0.8088463403573372,0.801820757242645,fixed_length_grouped
8,0.8,2.7594478834159517,2.7960487561691467,3,0.20395124383085328,0.07291722944620138,0.07071722405719381,0.7872179642659627,0.7778894646291319,1,7.0,0.8121672516963016,0.8024055211658405,fixed_length_grouped
8,0.9,2.693190177532168,2.738181903010852,3,0.26181809698914815,0.0736144353785639,0.07077478510535068,0.7904851977824565,0.7785226361588575,1,7.0,0.8155862209206964,0.8030680982246784,fixed_length_grouped
8,1.0,2.6197148131073638,2.6815593517301797,3,0.3184406482698203,0.07431684809103307,0.07083861645799995,0.7938198237178855,0.7792247810379995,1,7.0,0.8190757123790036,0.8038028518689264,fixed_length_grouped
8,1.1,2.539746349227471,2.588094311044479,3,0.41190568895552104,0.07543058625257587,0.07090808865808632,0.7986661611796484,0.7799889752389495,1,7.0,0.824147121737763,0.8046025365077253,fixed_length_grouped
8,1.2000000000000002,2.454142259047365,2.489688226959699,3,0.5103117730403008,0.07662678910068041,0.07098245678012673,0.8037911274991312,0.7808070245813941,1,7.0,0.8295100999374894,0.8054585774095264,fixed_length_grouped
8,1.3,2.363858454821199,2.393572449583071,3,0.606427550416929,0.07782724227300682,0.07106089038016661,0.8089030811157507,0.7816697941818327,1,7.0,0.8348594611029906,0.8063614154517881,fixed_length_grouped
8,1.4000000000000001,2.269911181558916,2.3003368390630854,3,0.6996631609369146,0.0790229777674963,0.07114250660047375,0.8139632890310053,0.7825675726052113,1,7.0,0.8401546734114946,0.8073008881844109,fixed_length_grouped
8,1.5,2.1733382926829776,2.2086077969616023,3,0.7913922030383977,0.0802271713389131,0.0712264038111165,0.8190077268586027,0.7834904419222815,1,7.0,0.8454333832434864,0.8082666170731703,fixed_length_grouped
8,1.6,2.0751627042059155,2.11104550684097,3,0.8889544931590301,0.08152477060091656,0.07131169335896273,0.8243006654806382,0.7844286269485901,1,7.0,0.8509721346562626,0.8092483729579409,fixed_length_grouped
8,1.7000000000000002,1.9763603049223422,2.0189039351180216,3,0.9810960648819784,0.08278314543435221,0.07139752744553905,0.8293963815536789,0.7853728019009296,1,7.0,0.8563045041799068,0.8102363969507766,fixed_length_grouped
8,1.8,1.8778338950673747,1.9310964893130511,3,1.0689035106869489,0.08401106885236823,0.0714831217676898,0.8343220309431911,0.7863143394445877,1,7.0,0.8614589088430218,0.8112216610493262,fixed_length_grouped
8,1.9000000000000001,1.7803939625574194,1.846441282203839,3,1.153558717796161,0.08521960963796082,0.0715677722181211,0.8391098823925136,0.7872454943993321,1,7.0,0.8664691160025562,0.8121960603744258,fixed_length_grouped
8,2.0,1.684746396623144,1.768287421282692,3,1.231712578717308,0.08636321168035746,0.07165086555912037,0.8436206743188104,0.7881595211503241,1,7.0,0.8711893965383066,0.8131525360337686,fixed_length_grouped
16,0.0,4.0,4.0,4,0.0,0.05966082321514422,0.05966082321514422,0.7755907017968748,0.7755907017968748,2,7.0,0.8,0.8,fixed_length_grouped
16,0.1,3.9955630674232534,3.9999999999999996,4,4.440892098500626e-16,0.059664900156589734,0.059663269380011534,0.7756437020356666,0.7756225019401499,2,7.0,0.8000554616572094,0.8000332769943257,fixed_length_grouped
16,0.2,3.981350225274448,4.0,4,0.0,0.05967795983784764,0.059671105188766276,0.7758134778920194,0.7757243674539616,2,7.0,0.8002331221840695,0.8001398733104417,fixed_length_grouped
16,0.30000000000000004,3.956040428906172,3.986941738149012,4,0.013058261850988018,0.059790071218839974,0.059685058958314045,0.7764901714388548,0.7759057664580826,2,7.0,0.8009412424942025,0.8003296967832038,fixed_length_grouped
16,0.4,3.918422931560981,3.951054386178956,4,0.04894561382104401,0.06006988604566881,0.05970579819624708,0.7779683611490291,0.776175376551212,2,7.0,0.8024880817701191,0.8006118280132927,fixed_length_grouped
16,0.5,3.8674907711453073,3.9018161643459965,4,0.09818383565400346,0.060455701611536496,0.059733878059817266,0.7799883482785999,0.7765404147776245,2,7.0,0.8046018804303039,0.8009938192164102,fixed_length_grouped
16,0.6000000000000001,3.8025375699035893,3.841196131124268,4,0.15880386887573206,0.06093685608206737,0.059769687988444446,0.7825021205639198,0.7770059438497778,2,7.0,0.8072323964424771,0.8014809682257231,fixed_length_grouped
16,0.7000000000000001,3.7232464398021343,3.753283182444185,4,0.2467168175558152,0.061628805765945475,0.05981340268849651,0.7859696121289517,0.7775742349504546,2,7.0,0.8108609240291478,0.802075651701484,fixed_length_grouped
16,0.8,3.6297583494059573,3.652566712922698,4,0.34743328707730203,0.06243584930796876,0.05986494444133669,0.7899737486470633,0.778244277737377,2,7.0,0.8150510192447447,0.8027768123794554,fixed_length_grouped
16,0.9,3.5227081841510337,3.544069362562051,4,0.45593063743794904,0.06332577820819599,0.05992396322261341,0.7943629542818309,0.7790115218939744,2,7.0,0.8196440668212506,0.8035796886188673,fixed_length_grouped
16,1.0,3.4032202474706903,3.4331711237035503,4,0.5668288762964497,0.06426112487675358,0.05998983918257434,0.7989695621943604,0.7798679093734664,2,7.0,0.8244646131955099,0.8044758481439699,fixed_length_grouped
16,1.1,3.2728606750135874,3.3240394633541737,4,0.6759605366458263,0.0652103875134649,0.06006170888100826,0.8036553891365597,0.7808022154531074,2,7.0,0.829368057661705,0.8054535449373982,fixed_length_grouped
16,1.2000000000000002,3.1335509814023568,3.20166427207696,4,0.7983357279230399,0.0662883179452111,0.06013851295055255,0.8088278007281604,0.7818006683571832,2,7.0,0.8347806845701617,0.8064983676394823,fixed_length_grouped
16,1.3,2.9874531101097674,3.035071677551966,4,0.9649283224480341,0.06774774350546936,0.060219059470871125,0.8153489490807293,0.7828477731213246,2,7.0,0.8416046857970689,0.8075941016741768,fixed_length_grouped
16,1.4000000000000001,2.83684040495843,2.870614172711145,4,1.1293858272888548,0.06923507126647292,0.06030209510450751,0.8218628182244596,0.7839272363585976,2,7.0,0.8484210697566853,0.8087236969628118,fixed_length_grouped
16,1.5,2.6839699926504665,2.7101209995357247,4,1.2898790004642753,0.0707328305563914,0.06038637545481058,0.8282900044550012,0.7850228809125375,2,7.0,0.8551467451057975,0.8098702250551215,fixed_length_grouped
16,1.6,2.530970179845854,2.55556924720178,4,1.4444307527982199,0.07222044941551814,0.06047072714605543,0.8345484042850533,0.7861194528987205,2,7.0,0.8616957953358735,0.8110177236511561,fixed_length_grouped
16,1.7000000000000002,2.379752439114037,2.4119961456562504,4,1.5880038543437496,0.07364800721399171,0.06055409634725339,0.8404707744613371,0.787203252514294,2,7.0,0.867893210141387,0.8121518567066448,fixed_length_grouped
16,1.8,2.2319526160303633,2.2733483171791304,4,1.7266516828208696,0.07506297972600616,0.06063558118579185,0.8462111161766228,0.788262555415294,2,7.0,0.8739001427842465,0.8132603553797724,fixed_length_grouped
16,1.9000000000000001,2.08890133248014,2.138564756467552,4,1.8614352435324482,0.07647160751600751,0.06071444806465279,0.8517839523482205,0.7892878248404862,2,7.0,0.8797317906499716,0.814333240006399,fixed_length_grouped
16,2.0,1.9516200225572145,2.0166998111297483,4,1.9833001888702517,0.0777835033236692,0.06079013384789684,0.8569175063748766,0.7902717400226589,2,7.0,0.8851037553841424,0.815362849830821,fixed_length_grouped
32,0.0,5.0,5.0,5,0.0,0.051389042913690466,0.051389042913690466,0.770835643705357,0.770835643705357,3,7.0,0.8,0.8,fixed_length_grouped
32,0.1,4.99451069341718,5.0,5,0.0,0.051392540039144084,0.05139114118896264,0.7708881005871613,0.7708671178344396,3,7.0,0.8000548930658282,0.800032935839497,fixed_length_grouped
32,0.2,4.976498850276566,5.0,5,0.0,0.051404015017661585,0.051398026176073135,0.7710602252649238,0.770970392641097,3,7.0,0.8002350114972344,0.8001410068983407,fixed_length_grouped
32,0.30000000000000004,4.943562227059733,4.975564528732108,5,0.024435471267891806,0.05154633048039033,0.05141061612728139,0.7719353983284362,0.7711592419092209,3,7.0,0.8011508290398321,0.8003386266376417,fixed_length_grouped
32,0.4,4.893304818299329,4.928757992328521,5,0.07124200767147926,0.05181202414759349,0.05142982691036566,0.7734891695921047,0.7714474036554849,3,7.0,0.8027767600011222,0.800640171090204,fixed_length_grouped
32,0.5,4.823533238850416,4.855333889187779,5,0.1446661108122207,0.05222635170692689,0.05145649694193514,0.7758398924205511,0.7718474541290271,3,7.0,0.8052366542709892,0.8010588005668976,fixed_length_grouped
32,0.6000000000000001,4.732494950542798,4.757980184132567,5,0.24201981586743315,0.05278111615377832,0.05149129612582022,0.7789426662938598,0.7723694418873033,3,7.0,0.8084835260753905,0.8016050302967432,fixed_length_grouped
32,0.7000000000000001,4.6191311471166,4.647283079209819,5,0.352716920790181,0.05342730197831601,0.0515346291883665,0.7825648162348213,0.7730194378254975,3,7.0,0.8122738946277984,0.8022852131173004,fixed_length_grouped
32,0.8,4.483303323960931,4.521826341882971,5,0.4781736581170293,0.05417639134385107,0.051586549072654454,0.786740146925297,0.7737982360898168,3,7.0,0.8166431345551994,0.8031001800562345,fixed_length_grouped
32,0.9,4.3259460218672565,4.353942039425804,5,0.6460579605741961,0.055183049081074825,0.0516466985525383,0.7920942880685373,0.7747004782880744,3,7.0,0.8222459308351082,0.8040443238687965,fixed_length_grouped
32,1.0,4.14910418790449,4.167909933378229,5,0.8320900666217712,0.05632805744839701,0.05171429595153432,0.7980508446510436,0.7757144392730148,3,7.0,0.8284791197198776,0.805105374872573,fixed_length_grouped
32,1.1,3.955833483089231,3.9826728982352684,5,1.0173271017647316,0.05751018919824422,0.05178817324999296,0.8041461638746722,0.7768225987498943,3,7.0,0.8348575156114613,0.8062649991014647,fixed_length_grouped
32,1.2000000000000002,3.749971249684316,3.790636764097168,5,1.2093632359028321,0.058773047285006215,0.051866863632341144,0.810517746626628,0.7780029544851171,3,7.0,0.8415250051648248,0.8075001725018941,fixed_length_grouped
32,1.3,3.535815335636789,3.6063039685755185,5,1.3936960314244815,0.060030402984121906,0.051948724255728926,0.8167919103580455,0.7792308638359339,3,7.0,0.8480905513978197,0.8087851079861793,fixed_length_grouped
32,1.4000000000000001,3.3177672845933577,3.358187412627828,5,1.641812587372172,0.06172739719086224,0.052032072639855,0.8245661401692543,0.780481089597825,3,7.0,0.8562258292509985,0.8100933962924399,fixed_length_grouped
32,1.5,3.0999993708532,3.124417599309673,5,1.8755824006903268,0.06339394841746995,0.05211531394211793,0.8320086522999723,0.781729709131769,3,7.0,0.864013983908036,0.8114000037748809,fixed_length_grouped
32,1.6,2.8861922653040177,2.9070214516662176,5,2.0929785483337824,0.06500630602301112,0.05219704123423048,0.8390377863325834,0.7829556185134572,3,7.0,0.8713695625069706,0.8126828464081759,fixed_length_grouped
32,1.7000000000000002,2.679368178545026,2.707326647374778,5,2.292673352625222,0.06654383213626658,0.05227609928289096,0.8455942113236145,0.7841414892433644,3,7.0,0.8782304786775551,0.8139237909287299,fixed_length_grouped
32,1.8,2.4818215098319127,2.517603002735272,5,2.482396997264728,0.06805083146479007,0.052351611059070276,0.8518332922822881,0.7852741658860541,3,7.0,0.8847593128360344,0.8151090709410086,fixed_length_grouped
32,1.9000000000000001,2.2951318194122186,2.3432770946529002,5,2.6567229053470998,0.06948037139792733,0.05242297277936549,0.857615476804013,0.7863445916904823,3,7.0,0.8908100315342082,0.8162292090835267,fixed_length_grouped
32,2.0,2.12023505971646,2.180985943913419,5,2.819014056086581,0.0708488585570887,0.052489826678034944,0.8630089502262075,0.7873474001705242,3,7.0,0.8964539867489133,0.8172785896417013,fixed_length_grouped
